	complex.id	Gene	CDR3	V	J	Species	MHC A	MHC B	MHC class	Epitope	Epitope gene	Epitope species	Reference	Method	Meta	CDR3fix	Score	multi_chain	extra_chains	IR_VJ_1_c_call	IR_VJ_2_c_call	IR_VDJ_1_c_call	IR_VDJ_2_c_call	IR_VJ_1_d_call	IR_VJ_2_d_call	IR_VDJ_1_d_call	IR_VDJ_2_d_call	IR_VJ_1_duplicate_count	IR_VJ_2_duplicate_count	IR_VDJ_1_duplicate_count	IR_VDJ_2_duplicate_count	IR_VJ_1_j_call	IR_VJ_2_j_call	IR_VDJ_1_j_call	IR_VDJ_2_j_call	IR_VJ_1_junction	IR_VJ_2_junction	IR_VDJ_1_junction	IR_VDJ_2_junction	IR_VJ_1_junction_aa	IR_VJ_2_junction_aa	IR_VDJ_1_junction_aa	IR_VDJ_2_junction_aa	IR_VJ_1_locus	IR_VJ_2_locus	IR_VDJ_1_locus	IR_VDJ_2_locus	IR_VJ_1_productive	IR_VJ_2_productive	IR_VDJ_1_productive	IR_VDJ_2_productive	IR_VJ_1_sequence	IR_VJ_2_sequence	IR_VDJ_1_sequence	IR_VDJ_2_sequence	IR_VJ_1_v_call	IR_VJ_2_v_call	IR_VDJ_1_v_call	IR_VDJ_2_v_call	IR_VJ_1_v_mu_freq	IR_VJ_2_v_mu_freq	IR_VDJ_1_v_mu_freq	IR_VDJ_2_v_mu_freq	has_ir	receptor_type	receptor_subtype	chain_pairing	cell_id	donor	tissue	anatomical_position	method	cell_ontology_class	free_annotation	consensus_prediction	consensus_percentage	manually_annotated	10X_run	10X_sample	10X_replicate	10X_barcode	cDNAplate	libraryplate	well	notes	seqrun	cell_identifier	n_counts	n_genes	clone_id	clone_id_size
26	0	TRB	CASSLEGYTEAFF	TRBV27*01	TRBJ1-1*01	HomoSapiens	HLA-A*02:01	B2M	MHCI	NLVPMVATV	pp65	CMV	PMID:19017975	"{""frequency"": """", ""identification"": ""tetramer-sort"", ""sequencing"": ""sanger"", ""singlecell"": """", ""verification"": """"}"	"{""cell.subset"": ""CD8+"", ""clone.id"": """", ""donor.MHC"": """", ""donor.MHC.method"": """", ""epitope.id"": """", ""replica.id"": """", ""samples.found"": 2, ""structure.id"": """", ""studies.found"": 2, ""study.id"": """", ""subject.cohort"": """", ""subject.id"": """", ""tissue"": ""PBMC""}"	"{""cdr3"": ""CASSLEGYTEAFF"", ""cdr3_old"": ""CASSLEGYTEAF"", ""fixNeeded"": true, ""good"": true, ""jCanonical"": true, ""jFixType"": ""Realign"", ""jId"": ""TRBJ1-1*01"", ""jStart"": 8, ""oldJFixType"": ""FixAdd"", ""oldJStart"": 9, ""vCanonical"": true, ""vEnd"": 5, ""vFixType"": ""NoFixNeeded"", ""vId"": ""TRBV27*01""}"	1	False	[]													TRAJ43*01		TRBJ1-1*01		TGTGCCTACCCGTACAATAACAATGACATGCGCTTT		TGTGCCAGCAGTTTAGAAGGGTATACTGAAGCTTTCTTT		CAYPYNNNDMRF		CASSLEGYTEAFF		TRA		TRB		True	None	True	None	ATACTGAACGTGGAACAAAGTCCTCAGTCACTGCATGTTCAGGAGGGAGACAGCACCAATTTCACCTGCAGCTTCCCTTCCAGCAATTTTTATGCCTTACACTGGTACAGATGGGAAACTGCAAAAAGCCCCGAGGCCTTGTTTGTAATGACTTTAAATGGGGATGAAAAGAAGAAAGGACGAATAAGTGCCACTCTTAATACCAAGGAGGGTTACAGCTATTTGTACATCAAAGGATCCCAGCCTGAAGACTCAGCCACATACCTCTGTGCCTACCCGTACAATAACAATGACATGCGCTTTGGAGCAGGGACCAGACTGACAGTAAAACCAAATATCCAGAACCCTGACCCTGCCGTGTACCAGCTGAGAGACTCTAAATCCAGTGACAAGTCTGTCTGCCTATTCACCGATTTTGATTCTCAAACAAATGTGTCACAAAGTAAGGATTCTGATGTGTATATCACAGACAAAACTGTGCTAGACATGAGGTCTATGGACTTCAAGAGCAACAGTGCTGTGGCCTGGAGCAACAAATCTGACTTTGCATGTGCAAACGCCTTCAACAACAGCATTATTCCAGAAGACACCTTCTTCCCCAGCCCAGAAAGTTCCTGTGATGTCAAGCTGGTCGAGAAAAGCTTTGAAACAGATACGAACCTAAACTTTCAAAACCTGTCAGTGATTGGGTTCCGAATCCTCCTCCTGAAAGTGGCCGGGTTTAATCTGCTCATGACGCTGCGGCTGTGGTCCAGCTGA		GAAGCCCAAGTGACCCAGAACCCAAGATACCTCATCACAGTGACTGGAAAGAAGTTAACAGTGACTTGTTCTCAGAATATGAACCATGAGTATATGTCCTGGTATCGACAAGACCCAGGGCTGGGCTTAAGGCAGATCTACTATTCAATGAATGTTGAGGTGACTGATAAGGGAGATGTTCCTGAAGGGTACAAAGTCTCTCGAAAAGAGAAGAGGAATTTCCCCCTGATCCTGGAGTCGCCCAGCCCCAACCAGACCTCTCTGTACTTCTGTGCCAGCAGTTTAGAAGGGTATACTGAAGCTTTCTTTGGACAAGGCACCAGACTCACAGTTGTAGAGGACCTGAACAAGGTGTTCCCACCCGAGGTCGCTGTGTTTGAGCCATCAGAAGCAGAGATCTCCCACACCCAAAAGGCCACACTGGTGTGCCTGGCCACAGGCTTCTTCCCTGACCACGTGGAGCTGAGCTGGTGGGTGAATGGGAAGGAGGTGCACAGTGGGGTCAGCACGGACCCGCAGCCCCTCAAGGAGCAGCCCGCCCTCAATGACTCCAGATACTGCCTGAGCAGCCGCCTGAGGGTCTCGGCCACCTTCTGGCAGAACCCCCGCAACCACTTCCGCTGTCAAGTCCAGTTCTACGGGCTCTCGGAGAATGACGAGTGGACCCAGGATAGGGCCAAACCCGTCACCCAGATC		TRAV24*01		TRBV27*01		0.0		0.0		True	TCR	TRA+TRB	single pair	B107909_K5_S163.homo.gencode.v30.ERCC.chrM	TSP1	Muscle		smartseq2	mature nk t cell	mature nk t cell	mature nk t cell	0.71	True									1.0	B107909_K5_S163.homo.gencode.v30.ERCC.chrM	735807.0	1753	2612	2
27	0	TRB	CASSLEGYTEAFF	TRBV27*01	TRBJ1-1*01	HomoSapiens	HLA-A*02:01	B2M	MHCI	NLVPMVATV	pp65	CMV	PMID:19017975	"{""frequency"": """", ""identification"": ""tetramer-sort"", ""sequencing"": ""sanger"", ""singlecell"": """", ""verification"": """"}"	"{""cell.subset"": ""CD8+"", ""clone.id"": """", ""donor.MHC"": """", ""donor.MHC.method"": """", ""epitope.id"": """", ""replica.id"": """", ""samples.found"": 2, ""structure.id"": """", ""studies.found"": 2, ""study.id"": """", ""subject.cohort"": """", ""subject.id"": """", ""tissue"": ""PBMC""}"	"{""cdr3"": ""CASSLEGYTEAFF"", ""cdr3_old"": ""CASSLEGYTEAF"", ""fixNeeded"": true, ""good"": true, ""jCanonical"": true, ""jFixType"": ""Realign"", ""jId"": ""TRBJ1-1*01"", ""jStart"": 8, ""oldJFixType"": ""FixAdd"", ""oldJStart"": 9, ""vCanonical"": true, ""vEnd"": 5, ""vFixType"": ""NoFixNeeded"", ""vId"": ""TRBV27*01""}"	1	False	[]													TRAJ43*01		TRBJ1-1*01		TGTGCCTACCCGTACAATAACAATGACATGCGCTTT		TGTGCCAGCAGTTTAGAAGGGTATACTGAAGCTTTCTTT		CAYPYNNNDMRF		CASSLEGYTEAFF		TRA		TRB		True	None	True	None	ATACTGAACGTGGAACAAAGTCCTCAGTCACTGCATGTTCAGGAGGGAGACAGCACCAATTTCACCTGCAGCTTCCCTTCCAGCAATTTTTATGCCTTACACTGGTACAGATGGGAAACTGCAAAAAGCCCCGAGGCCTTGTTTGTAATGACTTTAAATGGGGATGAAAAGAAGAAAGGACGAATAAGTGCCACTCTTAATACCAAGGAGGGTTACAGCTATTTGTACATCAAAGGATCCCAGCCTGAAGACTCAGCCACATACCTCTGTGCCTACCCGTACAATAACAATGACATGCGCTTTGGAGCAGGGACCAGACTGACAGTAAAACCAAATATCCAGAACCCTGACCCTGCCGTGTACCAGCTGAGAGACTCTAAATCCAGTGACAAGTCTGTCTGCCTATTCACCGATTTTGATTCTCAAACAAATGTGTCACAAAGTAAGGATTCTGATGTGTATATCACAGACAAAACTGTGCTAGACATGAGGTCTATGGACTTCAAGAGCAACAGTGCTGTGGCCTGGAGCAACAAATCTGACTTTGCATGTGCAAACGCCTTCAACAACAGCATTATTCCAGAAGACACCTTCTTCCCCAGCCCAGAAAGTTCCTGTGATGTCAAGCTGGTCGAGAAAAGCTTTGAAACAGATACGAACCTAAACTTTCAAAACCTGTCAGTGATTGGGTTCCGAATCCTCCTCCTGAAAGTGGCCGGGTTTAATCTGCTCATGACGCTGCGGCTGTGGTCCAGCTGA		GAAGCCCAAGTGACCCAGAACCCAAGATACCTCATCACAGTGACTGGAAAGAAGTTAACAGTGACTTGTTCTCAGAATATGAACCATGAGTATATGTCCTGGTATCGACAAGACCCAGGGCTGGGCTTAAGGCAGATCTACTATTCAATGAATGTTGAGGTGACTGATAAGGGAGATGTTCCTGAAGGGTACAAAGTCTCTCGAAAAGAGAAGAGGAATTTCCCCCTGATCCTGGAGTCGCCCAGCCCCAACCAGACCTCTCTGTACTTCTGTGCCAGCAGTTTAGAAGGGTATACTGAAGCTTTCTTTGGACAAGGCACCAGACTCACAGTTGTAGAGGACCTGAACAAGGTGTTCCCACCCGAGGTCGCTGTGTTTGAGCCATCAGAAGCAGAGATCTCCCACACCCAAAAGGCCACACTGGTGTGCCTGGCCACAGGCTTCTTCCCTGACCACGTGGAGCTGAGCTGGTGGGTGAATGGGAAGGAGGTGCACAGTGGGGTCAGCACGGACCCGCAGCCCCTCAAGGAGCAGCCCGCCCTCAATGACTCCAGATACTGCCTGAGCAGCCGCCTGAGGGTCTCGGCCACCTTCTGGCAGAACCCCCGCAACCACTTCCGCTGTCAAGTCCAGTTCTACGGGCTCTCGGAGAATGACGAGTGGACCCAGGATAGGGCCAAACCCGTCACCCAGATC		TRAV24*01		TRBV27*01		0.0		0.0		True	TCR	TRA+TRB	single pair	B107810_M4_S112.homo.gencode.v30.ERCC.chrM	TSP1	Lung	Proximal	smartseq2	cd8-positive, alpha-beta t cell	cd8-positive, alpha-beta t cell	cd8-positive, alpha-beta t cell	1.0	True									1.0	B107810_M4_S112.homo.gencode.v30.ERCC.chrM	2585172.0	1535	2612	2
97	25991	TRB	CASSLGQAYEQYF	TRBV7-8*01	TRBJ2-7*01	HomoSapiens	HLA-B*08:01	B2M	MHCI	FLRGRAYGL	EBNA3A	EBV	PMID:16326979	"{""frequency"": ""21/21"", ""identification"": ""CTL clone"", ""sequencing"": ""sanger"", ""singlecell"": """", ""verification"": ""pentamer-sort""}"	"{""cell.subset"": """", ""clone.id"": """", ""donor.MHC"": """", ""donor.MHC.method"": """", ""epitope.id"": """", ""replica.id"": """", ""samples.found"": 1, ""structure.id"": """", ""studies.found"": 1, ""study.id"": """", ""subject.cohort"": ""healthy"", ""subject.id"": ""donor 1"", ""tissue"": ""PBMC""}"	"{""cdr3"": ""CASSLGQAYEQYF"", ""cdr3_old"": ""CASSLGQAYEQYF"", ""fixNeeded"": false, ""good"": true, ""jCanonical"": true, ""jFixType"": ""NoFixNeeded"", ""jId"": ""TRBJ2-7*01"", ""jStart"": 8, ""vCanonical"": true, ""vEnd"": 5, ""vFixType"": ""NoFixNeeded"", ""vId"": ""TRBV7-8*01""}"	1	False	[]							TRBD1*01						TRAJ52*01		TRBJ2-7*01		TGCATCCTGCCGCTTGCTGGTGGTACTAGCTATGGAAAGCTGACATTT		TGTGCCAGCAGCTTGGGACAGGCCTACGAGCAGTACTTC		CILPLAGGTSYGKLTF		CASSLGQAYEQYF		TRA		TRB		True	None	True	None	GATGCTAAGACCACACAGCCAAATTCAATGGAGAGTAACGAAGAAGAGCCTGTTCACTTGCCTTGTAACCACTCCACAATCAGTGGAACTGATTACATACATTGGTATCGACAGCTTCCCTCCCAGGGTCCAGAGTACGTGATTCATGGTCTTACAAGCAATGTGAACAACAGAATGGCCTCTCTGGCAATCGCTGAAGACAGAAAGTCCAGTACCTTGATCCTGCACCGTGCTACCTTGAGAGATGCTGCTGTGTACTACTGCATCCTGCCGCTTGCTGGTGGTACTAGCTATGGAAAGCTGACATTTGGACAAGGGACCATCTTGACTGTCCATCCAAATATCCAGAACCCTGACCCTGCCGTGTACCAGCTGAGAGACTCTAAATCCAGTGACAAGTCTGTCTGCCTATTCACCGATTTTGATTCTCAAACAAATGTGTCACAAAGTAAGGATTCTGATGTGTATATCACAGACAAAACTGTGCTAGACATGAGGTCTATGGACTTCAAGAGCAACAGTGCTGTGGCCTGGAGCAACAAATCTGACTTTGCATGTGCAAACGCCTTCAACAACAGCATTATTCCAGAAGACACCTTCTTCCCCAGCCCAGAAAGTTCCTGTGATGTCAAGCTGGTCGAGAAAAGCTTTGAAACAGATACGAACCTAAACTTTCAAAACCTGTCAGTGATTGGGTTCCGAATCCTCCTCCTGAAAGTGGCCGGGTTTAATCTGCTCATGACGCTGCGGCTGTGGTCCAGCTGA		GGTGCTGGAGTCTCCCAGTCCCCTAGGTACAAAGTCGCAAAGAGAGGACAGGATGTAGCTCTCAGGTGTGATCCAATTTCGGGTCATGTATCCCTTTTTTGGTACCAACAGGCCCTGGGGCAGGGGCCAGAGTTTCTGACTTATTTCCAGAATGAAGCTCAACTAGACAAATCGGGGCTGCCCAGTGATCGCTTCTTTGCAGAAAGGCCTGAGGGATCCGTCTCCACTCTGAAGATCCAGCGCACACAGCAGGAGGACTCCGCCGTGTATCTCTGTGCCAGCAGCTTGGGACAGGCCTACGAGCAGTACTTCGGGCCGGGCACCAGGCTCACGGTCACAGAGGACCTGAACAAGGTGTTCCCACCCGAGGTCGCTGTGTTTGAGCCATCAGAAGCAGAGATCTCCCACACCCAAAAGGCCACACTGGTGTGCCTGGCCACAGGCTTCTTCCCTGACCACGTGGAGCTGAGCTGGTGGGTGAATGGGAAGGAGGTGCACAGTGGGGTCAGCACGGACCCGCAGCCCCTCAAGGAGCAGCCCGCCCTCAATGACTCCAGATACTGCCTGAGCAGCCGCCTGAGGGTCTCGGCCACCTTCTGGCAGAACCCCCGCAACCACTTCCGCTGTCAAGTCCAGTTCTACGGGCTCTCGGAGAATGACGAGTGGACCCAGGATAGGGCCAAACCCGTCACCCAGATC		TRAV26-2*01		TRBV7-8*01		0.0		0.0		True	TCR	TRA+TRB	single pair	TSP2_Spleen_NA_SS2_B114615_B133086_ImmuneLinNeg_C10_S82	TSP2	Spleen		smartseq2	cd8-positive, alpha-beta memory t cell	cd8-positive, alpha-beta memory t cell	cd8-positive, alpha-beta memory t cell	0.71	True									2.0	TSP2_Spleen_NA_SS2_B114615_B133086_ImmuneLinNeg_C10_S82	475568.0	1467	4251	2
98	25991	TRB	CASSLGQAYEQYF	TRBV7-8*01	TRBJ2-7*01	HomoSapiens	HLA-B*08:01	B2M	MHCI	FLRGRAYGL	EBNA3A	EBV	PMID:16326979	"{""frequency"": ""21/21"", ""identification"": ""CTL clone"", ""sequencing"": ""sanger"", ""singlecell"": """", ""verification"": ""pentamer-sort""}"	"{""cell.subset"": """", ""clone.id"": """", ""donor.MHC"": """", ""donor.MHC.method"": """", ""epitope.id"": """", ""replica.id"": """", ""samples.found"": 1, ""structure.id"": """", ""studies.found"": 1, ""study.id"": """", ""subject.cohort"": ""healthy"", ""subject.id"": ""donor 1"", ""tissue"": ""PBMC""}"	"{""cdr3"": ""CASSLGQAYEQYF"", ""cdr3_old"": ""CASSLGQAYEQYF"", ""fixNeeded"": false, ""good"": true, ""jCanonical"": true, ""jFixType"": ""NoFixNeeded"", ""jId"": ""TRBJ2-7*01"", ""jStart"": 8, ""vCanonical"": true, ""vEnd"": 5, ""vFixType"": ""NoFixNeeded"", ""vId"": ""TRBV7-8*01""}"	1	False	[]							TRBD1*01								TRBJ2-7*01				TGTGCCAGCAGCTTAGGACAGGCTTACGAGCAGTACTTC				CASSLGQAYEQYF				TRB		None	None	True	None			GGTGCTGGAGTCTCCCAGTCCCCTAGGTACAAAGTCGCAAAGAGAGGACAGGATGTAGCTCTCAGGTGTGATCCAATTTCGGGTCATGTATCCCTTTTTTGGTACCAACAGGCCCTGGGGCAGGGGCCAGAGTTTCTGACTTATTTCCAGAATGAAGCTCAACTAGACAAATCGGGGCTGCCCAGTGATCGCTTCTTTGCAGAAAGGCCTGAGGGATCCGTCTCCACTCTGAAGATCCAGCGCACACAGCAGGAGGACTCCGCCGTGTATCTCTGTGCCAGCAGCTTAGGACAGGCTTACGAGCAGTACTTCGGGCCGGGCACCAGGCTCACGGTCACAGAGGACCTGAACAAGGTGTTCCCACCCGAGGTCGCTGTGTTTGAGCCATCAGAAGCAGAGATCTCCCACACCCAAAAGGCCACACTGGTGTGCCTGGCCACAGGCTTCTTCCCTGACCACGTGGAGCTGAGCTGGTGGGTGAATGGGAAGGAGGTGCACAGTGGGGTCAGCACGGACCCGCAGCCCCTCAAGGAGCAGCCCGCCCTCAATGACTCCAGATACTGCCTGAGCAGCCGCCTGAGGGTCTCGGCCACCTTCTGGCAGAACCCCCGCAACCACTTCCGCTGTCAAGTCCAGTTCTACGGGCTCTCGGAGAATGACGAGTGGACCCAGGATAGGGCCAAACCCGTCACCCAGATC				TRBV7-8*01				0.0		True	TCR	TRA+TRB	orphan VDJ	TSP2_Blood_NA_SS2_B114659_B133345_Lymphocytes_E13_S1	TSP2	Blood		smartseq2	cd4-positive, alpha-beta t cell	CD4 t cell	cd4-positive helper t cell	0.43	True									2.0	TSP2_Blood_NA_SS2_B114659_B133345_Lymphocytes_E13_S1	388615.0	1451	4254	2
99	25991	TRB	CASSLGQAYEQYF	TRBV7-8*01	TRBJ2-7*01	HomoSapiens	HLA-B*08:01	B2M	MHCI	FLRGRAYGL	EBNA3A	EBV	PMID:16326979	"{""frequency"": ""21/21"", ""identification"": ""CTL clone"", ""sequencing"": ""sanger"", ""singlecell"": """", ""verification"": ""pentamer-sort""}"	"{""cell.subset"": """", ""clone.id"": """", ""donor.MHC"": """", ""donor.MHC.method"": """", ""epitope.id"": """", ""replica.id"": """", ""samples.found"": 1, ""structure.id"": """", ""studies.found"": 1, ""study.id"": """", ""subject.cohort"": ""healthy"", ""subject.id"": ""donor 1"", ""tissue"": ""PBMC""}"	"{""cdr3"": ""CASSLGQAYEQYF"", ""cdr3_old"": ""CASSLGQAYEQYF"", ""fixNeeded"": false, ""good"": true, ""jCanonical"": true, ""jFixType"": ""NoFixNeeded"", ""jId"": ""TRBJ2-7*01"", ""jStart"": 8, ""vCanonical"": true, ""vEnd"": 5, ""vFixType"": ""NoFixNeeded"", ""vId"": ""TRBV7-8*01""}"	1	False	[]							TRBD1*01						TRAJ52*01		TRBJ2-7*01		TGCATCCTGCCGCTTGCTGGTGGTACTAGCTATGGAAAGCTGACATTT		TGTGCCAGCAGCTTGGGACAGGCCTACGAGCAGTACTTC		CILPLAGGTSYGKLTF		CASSLGQAYEQYF		TRA		TRB		True	None	True	None	GATGCTAAGACCACACAGCCAAATTCAATGGAGAGTAACGAAGAAGAGCCTGTTCACTTGCCTTGTAACCACTCCACAATCAGTGGAACTGATTACATACATTGGTATCGACAGCTTCCCTCCCAGGGTCCAGAGTACGTGATTCATGGTCTTACAAGCAATGTGAACAACAGAATGGCCTCTCTGGCAATCGCTGAAGACAGAAAGTCCAGTACCTTGATCCTGCACCGTGCTACCTTGAGAGATGCTGCTGTGTACTACTGCATCCTGCCGCTTGCTGGTGGTACTAGCTATGGAAAGCTGACATTTGGACAAGGGACCATCTTGACTGTCCATCCAAATATCCAGAACCCTGACCCTGCCGTGTACCAGCTGAGAGACTCTAAATCCAGTGACAAGTCTGTCTGCCTATTCACCGATTTTGATTCTCAAACAAATGTGTCACAAAGTAAGGATTCTGATGTGTATATCACAGACAAAACTGTGCTAGACATGAGGTCTATGGACTTCAAGAGCAACAGTGCTGTGGCCTGGAGCAACAAATCTGACTTTGCATGTGCAAACGCCTTCAACAACAGCATTATTCCAGAAGACACCTTCTTCCCCAGCCCAGAAAGTTCCTGTGATGTCAAGCTGGTCGAGAAAAGCTTTGAAACAGATACGAACCTAAACTTTCAAAACCTGTCAGTGATTGGGTTCCGAATCCTCCTCCTGAAAGTGGCCGGGTTTAATCTGCTCATGACGCTGCGGCTGTGGTCCAGCTGA		GGTGCTGGAGTCTCCCAGTCCCCTAGGTACAAAGTCGCAAAGAGAGGACAGGATGTAGCTCTCAGGTGTGATCCAATTTCGGGTCATGTATCCCTTTTTTGGTACCAACAGGCCCTGGGGCAGGGGCCAGAGTTTCTGACTTATTTCCAGAATGAAGCTCAACTAGACAAATCGGGGCTGCCCAGTGATCGCTTCTTTGCAGAAAGGCCTGAGGGATCCGTCTCCACTCTGAAGATCCAGCGCACACAGCAGGAGGACTCCGCCGTGTATCTCTGTGCCAGCAGCTTGGGACAGGCCTACGAGCAGTACTTCGGGCCGGGCACCAGGCTCACGGTCACAGAGGACCTGAACAAGGTGTTCCCACCCGAGGTCGCTGTGTTTGAGCCATCAGAAGCAGAGATCTCCCACACCCAAAAGGCCACACTGGTGTGCCTGGCCACAGGCTTCTTCCCTGACCACGTGGAGCTGAGCTGGTGGGTGAATGGGAAGGAGGTGCACAGTGGGGTCAGCACGGACCCGCAGCCCCTCAAGGAGCAGCCCGCCCTCAATGACTCCAGATACTGCCTGAGCAGCCGCCTGAGGGTCTCGGCCACCTTCTGGCAGAACCCCCGCAACCACTTCCGCTGTCAAGTCCAGTTCTACGGGCTCTCGGAGAATGACGAGTGGACCCAGGATAGGGCCAAACCCGTCACCCAGATC		TRAV26-2*01		TRBV7-8*01		0.0		0.0		True	TCR	TRA+TRB	single pair	TSP2_Muscle_diaphragm_SS2_B114580_B104855_Immune_F2_S122	TSP2	Muscle		smartseq2	cd8-positive, alpha-beta t cell	cd8-positive, alpha-beta t cell	cd8-positive, alpha-beta t cell	0.86	True									2.0	TSP2_Muscle_diaphragm_SS2_B114580_B104855_Immune_F2_S122	536819.0	1350	4251	2
100	25991	TRB	CASSLGQAYEQYF	TRBV7-8*01	TRBJ2-7*01	HomoSapiens	HLA-B*08:01	B2M	MHCI	FLRGRAYGL	EBNA3A	EBV	PMID:16326979	"{""frequency"": ""21/21"", ""identification"": ""CTL clone"", ""sequencing"": ""sanger"", ""singlecell"": """", ""verification"": ""pentamer-sort""}"	"{""cell.subset"": """", ""clone.id"": """", ""donor.MHC"": """", ""donor.MHC.method"": """", ""epitope.id"": """", ""replica.id"": """", ""samples.found"": 1, ""structure.id"": """", ""studies.found"": 1, ""study.id"": """", ""subject.cohort"": ""healthy"", ""subject.id"": ""donor 1"", ""tissue"": ""PBMC""}"	"{""cdr3"": ""CASSLGQAYEQYF"", ""cdr3_old"": ""CASSLGQAYEQYF"", ""fixNeeded"": false, ""good"": true, ""jCanonical"": true, ""jFixType"": ""NoFixNeeded"", ""jId"": ""TRBJ2-7*01"", ""jStart"": 8, ""vCanonical"": true, ""vEnd"": 5, ""vFixType"": ""NoFixNeeded"", ""vId"": ""TRBV7-8*01""}"	1	False	[]							TRBD1*01								TRBJ2-7*01				TGTGCCAGCAGCTTAGGACAGGCTTACGAGCAGTACTTC				CASSLGQAYEQYF				TRB		None	None	True	None			GGTGCTGGAGTCTCCCAGTCCCCTAGGTACAAAGTCGCAAAGAGAGGACAGGATGTAGCTCTCAGGTGTGATCCAATTTCGGGTCATGTATCCCTTTTTTGGTACCAACAGGCCCTGGGGCAGGGGCCAGAGTTTCTGACTTATTTCCAGAATGAAGCTCAACTAGACAAATCGGGGCTGCCCAGTGATCGCTTCTTTGCAGAAAGGCCTGAGGGATCCGTCTCCACTCTGAAGATCCAGCGCACACAGCAGGAGGACTCCGCCGTGTATCTCTGTGCCAGCAGCTTAGGACAGGCTTACGAGCAGTACTTCGGGCCGGGCACCAGGCTCACGGTCACAGAGGACCTGAACAAGGTGTTCCCACCCGAGGTCGCTGTGTTTGAGCCATCAGAAGCAGAGATCTCCCACACCCAAAAGGCCACACTGGTGTGCCTGGCCACAGGCTTCTTCCCTGACCACGTGGAGCTGAGCTGGTGGGTGAATGGGAAGGAGGTGCACAGTGGGGTCAGCACGGACCCGCAGCCCCTCAAGGAGCAGCCCGCCCTCAATGACTCCAGATACTGCCTGAGCAGCCGCCTGAGGGTCTCGGCCACCTTCTGGCAGAACCCCCGCAACCACTTCCGCTGTCAAGTCCAGTTCTACGGGCTCTCGGAGAATGACGAGTGGACCCAGGATAGGGCCAAACCCGTCACCCAGATC				TRBV7-8*01				0.0		True	TCR	TRA+TRB	orphan VDJ	TSP2_Blood_NA_SS2_B114659_B133345_Lymphocytes_A3_S195	TSP2	Blood		smartseq2	cd4-positive, alpha-beta t cell	CD4 t cell	cd4-positive helper t cell	0.57	True									2.0	TSP2_Blood_NA_SS2_B114659_B133345_Lymphocytes_A3_S195	321193.0	1267	4254	2
791	0	TRB	CASSIRSSYEQYF	TRBV19*01	TRBJ2-7*01	HomoSapiens	HLA-A*02:01	B2M	MHCI	GILGFVFTL	M	InfluenzaA	PMID:25609818	"{""frequency"": ""16/125"", ""identification"": ""cultured-T-cells"", ""sequencing"": ""sanger"", ""singlecell"": """", ""verification"": """"}"	"{""cell.subset"": ""CD8+"", ""clone.id"": """", ""donor.MHC"": """", ""donor.MHC.method"": """", ""epitope.id"": """", ""replica.id"": """", ""samples.found"": 2, ""structure.id"": """", ""studies.found"": 2, ""study.id"": """", ""subject.cohort"": ""Middle-aged"", ""subject.id"": ""Donor8"", ""tissue"": ""PBMC""}"	"{""cdr3"": ""CASSIRSSYEQYF"", ""cdr3_old"": ""CASSIRSSYEQYF"", ""fixNeeded"": false, ""good"": true, ""jCanonical"": true, ""jFixType"": ""NoFixNeeded"", ""jId"": ""TRBJ2-7*01"", ""jStart"": 7, ""vCanonical"": true, ""vEnd"": 5, ""vFixType"": ""NoFixNeeded"", ""vId"": ""TRBV19*01""}"	1	False	[]															TRBJ2-7*01				TGTGCCAGTAGTATACGGAGCTCCTACGAGCAGTACTTC				CASSIRSSYEQYF				TRB		None	None	True	None			GATGGTGGAATCACTCAGTCCCCAAAGTACCTGTTCAGAAAGGAAGGACAGAATGTGACCCTGAGTTGTGAACAGAATTTGAACCACGATGCCATGTACTGGTACCGACAGGACCCAGGGCAAGGGCTGAGATTGATCTACTACTCACAGATAGTAAATGACTTTCAGAAAGGAGATATAGCTGAAGGGTACAGCGTCTCTCGGGAGAAGAAGGAATCCTTTCCTCTCACTGTGACATCGGCCCAAAAGAACCCGACAGCTTTCTATCTCTGTGCCAGTAGTATACGGAGCTCCTACGAGCAGTACTTCGGGCCGGGCACCAGGCTCACGGTCACAGAGGACCTGAACAAGGTGTTCCCACCCGAGGTCGCTGTGTTTGAGCCATCAGAAGCAGAGATCTCCCACACCCAAAAGGCCACACTGGTGTGCCTGGCCACAGGCTTCTTCCCTGACCACGTGGAGCTGAGCTGGTGGGTGAATGGGAAGGAGGTGCACAGTGGGGTCAGCACGGACCCGCAGCCCCTCAAGGAGCAGCCCGCCCTCAATGACTCCAGATACTGCCTGAGCAGCCGCCTGAGGGTCTCGGCCACCTTCTGGCAGAACCCCCGCAACCACTTCCGCTGTCAAGTCCAGTTCTACGGGCTCTCGGAGAATGACGAGTGGACCCAGGATAGGGCCAAACCCGTCACCCAGATC				TRBV19*01				0.0		True	TCR	TRA+TRB	orphan VDJ	B107909_H8_S97.homo.gencode.v30.ERCC.chrM	TSP1	Muscle		smartseq2	cd8-positive, alpha-beta t cell	cd8-positive, alpha-beta t cell	cd8-positive, alpha-beta t cell	0.43	True									1.0	B107909_H8_S97.homo.gencode.v30.ERCC.chrM	1019451.0	1178	2641	1
792	0	TRB	CASSIRSSYEQYF	TRBV19*01	TRBJ2-7*01	HomoSapiens	HLA-A*02:01	B2M	MHCI	GILGFVFTL	M	InfluenzaA	PMID:25609818	"{""frequency"": ""16/125"", ""identification"": ""cultured-T-cells"", ""sequencing"": ""sanger"", ""singlecell"": """", ""verification"": """"}"	"{""cell.subset"": ""CD8+"", ""clone.id"": """", ""donor.MHC"": """", ""donor.MHC.method"": """", ""epitope.id"": """", ""replica.id"": """", ""samples.found"": 2, ""structure.id"": """", ""studies.found"": 2, ""study.id"": """", ""subject.cohort"": ""Middle-aged"", ""subject.id"": ""Donor8"", ""tissue"": ""PBMC""}"	"{""cdr3"": ""CASSIRSSYEQYF"", ""cdr3_old"": ""CASSIRSSYEQYF"", ""fixNeeded"": false, ""good"": true, ""jCanonical"": true, ""jFixType"": ""NoFixNeeded"", ""jId"": ""TRBJ2-7*01"", ""jStart"": 7, ""vCanonical"": true, ""vEnd"": 5, ""vFixType"": ""NoFixNeeded"", ""vId"": ""TRBV19*01""}"	1	False	[]															TRBJ2-7*01				TGTGCCAGTAGTATAAGGAGCTCCTACGAGCAGTACTTC				CASSIRSSYEQYF				TRB		None	None	True	None			GATGGTGGAATCACTCAGTCCCCAAAGTACCTGTTCAGAAAGGAAGGACAGAATGTGACCCTGAGTTGTGAACAGAATTTGAACCACGATGCCATGTACTGGTACCGACAGGACCCAGGGCAAGGGCTGAGATTGATCTACTACTCACAGATAGTAAATGACTTTCAGAAAGGAGATATAGCTGAAGGGTACAGCGTCTCTCGGGAGAAGAAGGAATCCTTTCCTCTCACTGTGACATCGGCCCAAAAGAACCCGACAGCTTTCTATCTCTGTGCCAGTAGTATAAGGAGCTCCTACGAGCAGTACTTCGGGCCGGGCACCAGGCTCACGGTCACAGAGGACCTGAACAAGGTGTTCCCACCCGAGGTCGCTGTGTTTGAGCCATCAGAAGCAGAGATCTCCCACACCCAAAAGGCCACACTGGTGTGCCTGGCCACAGGCTTCTTCCCTGACCACGTGGAGCTGAGCTGGTGGGTGAATGGGAAGGAGGTGCACAGTGGGGTCAGCACGGACCCGCAGCCCCTCAAGGAGCAGCCCGCCCTCAATGACTCCAGATACTGCCTGAGCAGCCGCCTGAGGGTCTCGGCCACCTTCTGGCAGAACCCCCGCAACCACTTCCGCTGTCAAGTCCAGTTCTACGGGCTCTCGGAGAATGACGAGTGGACCCAGGATAGGGCCAAACCCGTCACCCAGATC				TRBV19*01				0.0		True	TCR	TRA+TRB	orphan VDJ	TSP8_Prostate_NA_SS2_B134140_B134704_Epithelial_B21_L002	TSP8	Prostate		smartseq2	cd8-positive, alpha-beta t cell	CD8+ T-Cell	cd8-positive, alpha-beta memory t cell	28.57	True					B134140	B134704	B21	Epithelial		TSP8_Prostate_NA_SS2_B134140_B134704_Epithelial_B21_L002	823271.0	1787	5571	1
857	0	TRB	CASSIFGELFF	TRBV19*01	TRBJ2-2*01	HomoSapiens	HLA-B*44	B2M	MHCI	NEGVKAAW	IE2	CMV	https://github.com/antigenomics/vdjdb-db/issues/313	"{""frequency"": ""0.280%"", ""identification"": ""tetramer-sort"", ""sequencing"": ""amplicon-seq"", ""singlecell"": """", ""verification"": """"}"	"{""cell.subset"": ""CD8+"", ""clone.id"": """", ""donor.MHC"": """", ""donor.MHC.method"": """", ""epitope.id"": ""NW8"", ""replica.id"": ""2017"", ""samples.found"": 1, ""structure.id"": """", ""studies.found"": 1, ""study.id"": """", ""subject.cohort"": """", ""subject.id"": ""76C"", ""tissue"": ""PBMC""}"	"{""cdr3"": ""CASSIFGELFF"", ""cdr3_old"": ""CASSIFGELFF"", ""fixNeeded"": false, ""good"": true, ""jCanonical"": true, ""jFixType"": ""NoFixNeeded"", ""jId"": ""TRBJ2-2*01"", ""jStart"": 6, ""vCanonical"": true, ""vEnd"": 5, ""vFixType"": ""NoFixNeeded"", ""vId"": ""TRBV19*01""}"	1	False	[]													TRAJ39*01		TRBJ2-2*01		TGTGCTGTGGGGGCTAATGCAGGCAACATGCTCACCTTT		TGTGCCAGTAGTATATTCGGGGAGCTGTTTTTT		CAVGANAGNMLTF		CASSIFGELFF		TRA		TRB		True	None	True	None	GAAGACCAGGTGACGCAGAGTCCCGAGGCCCTGAGACTCCAGGAGGGAGAGAGTAGCAGTCTTAACTGCAGTTACACAGTCAGCGGTTTAAGAGGGCTGTTCTGGTATAGGCAAGATCCTGGGAAAGGCCCTGAATTCCTCTTCACCCTGTATTCAGCTGGGGAAGAAAAGGAGAAAGAAAGGCTAAAAGCCACATTAACAAAGAAGGAAAGCTTTCTGCACATCACAGCCCCTAAACCTGAAGACTCAGCCACTTATCTCTGTGCTGTGGGGGCTAATGCAGGCAACATGCTCACCTTTGGAGGGGGAACAAGGTTAATGGTCAAACCCCATATCCAGAACCCTGACCCTGCCGTGTACCAGCTGAGAGACTCTAAATCCAGTGACAAGTCTGTCTGCCTATTCACCGATTTTGATTCTCAAACAAATGTGTCACAAAGTAAGGATTCTGATGTGTATATCACAGACAAAACTGTGCTAGACATGAGGTCTATGGACTTCAAGAGCAACAGTGCTGTGGCCTGGAGCAACAAATCTGACTTTGCATGTGCAAACGCCTTCAACAACAGCATTATTCCAGAAGACACCTTCTTCCCCAGCCCAGAAAGTTCCTGTGATGTCAAGCTGGTCGAGAAAAGCTTTGAAACAGATACGAACCTAAACTTTCAAAACCTGTCAGTGATTGGGTTCCGAATCCTCCTCCTGAAAGTGGCCGGGTTTAATCTGCTCATGACGCTGCGGCTGTGGTCCAGCTGA		GATGGTGGAATCACTCAGTCCCCAAAGTACCTGTTCAGAAAGGAAGGACAGAATGTGACCCTGAGTTGTGAACAGAATTTGAACCACGATGCCATGTACTGGTACCGACAGGACCCAGGGCAAGGGCTGAGATTGATCTACTACTCACAGATAGTAAATGACTTTCAGAAAGGAGATATAGCTGAAGGGTACAGCGTCTCTCGGGAGAAGAAGGAATCCTTTCCTCTCACTGTGACATCGGCCCAAAAGAACCCGACAGCTTTCTATCTCTGTGCCAGTAGTATATTCGGGGAGCTGTTTTTTGGAGAAGGCTCTAGGCTGACCGTACTGGAGGACCTGAACAAGGTGTTCCCACCCGAGGTCGCTGTGTTTGAGCCATCAGAAGCAGAGATCTCCCACACCCAAAAGGCCACACTGGTGTGCCTGGCCACAGGCTTCTTCCCTGACCACGTGGAGCTGAGCTGGTGGGTGAATGGGAAGGAGGTGCACAGTGGGGTCAGCACGGACCCGCAGCCCCTCAAGGAGCAGCCCGCCCTCAATGACTCCAGATACTGCCTGAGCAGCCGCCTGAGGGTCTCGGCCACCTTCTGGCAGAACCCCCGCAACCACTTCCGCTGTCAAGTCCAGTTCTACGGGCTCTCGGAGAATGACGAGTGGACCCAGGATAGGGCCAAACCCGTCACCCAGATC		TRAV20*01		TRBV19*01		0.0		0.0		True	TCR	TRA+TRB	single pair	B107909_F2_S45.homo.gencode.v30.ERCC.chrM	TSP1	Muscle		smartseq2	mature nk t cell	mature nk t cell	mature nk t cell	1.0	True									1.0	B107909_F2_S45.homo.gencode.v30.ERCC.chrM	1527244.0	1476	2527	3
858	0	TRB	CASSIFGELFF	TRBV19*01	TRBJ2-2*01	HomoSapiens	HLA-B*44	B2M	MHCI	NEGVKAAW	IE2	CMV	https://github.com/antigenomics/vdjdb-db/issues/313	"{""frequency"": ""0.280%"", ""identification"": ""tetramer-sort"", ""sequencing"": ""amplicon-seq"", ""singlecell"": """", ""verification"": """"}"	"{""cell.subset"": ""CD8+"", ""clone.id"": """", ""donor.MHC"": """", ""donor.MHC.method"": """", ""epitope.id"": ""NW8"", ""replica.id"": ""2017"", ""samples.found"": 1, ""structure.id"": """", ""studies.found"": 1, ""study.id"": """", ""subject.cohort"": """", ""subject.id"": ""76C"", ""tissue"": ""PBMC""}"	"{""cdr3"": ""CASSIFGELFF"", ""cdr3_old"": ""CASSIFGELFF"", ""fixNeeded"": false, ""good"": true, ""jCanonical"": true, ""jFixType"": ""NoFixNeeded"", ""jId"": ""TRBJ2-2*01"", ""jStart"": 6, ""vCanonical"": true, ""vEnd"": 5, ""vFixType"": ""NoFixNeeded"", ""vId"": ""TRBV19*01""}"	1	False	[]													TRAJ39*01		TRBJ2-2*01		TGTGCTGTGGGGGCTAATGCAGGCAACATGCTCACCTTT		TGTGCCAGTAGTATATTCGGGGAGCTGTTTTTT		CAVGANAGNMLTF		CASSIFGELFF		TRA		TRB		True	None	True	None	GAAGACCAGGTGACGCAGAGTCCCGAGGCCCTGAGACTCCAGGAGGGAGAGAGTAGCAGTCTTAACTGCAGTTACACAGTCAGCGGTTTAAGAGGGCTGTTCTGGTATAGGCAAGATCCTGGGAAAGGCCCTGAATTCCTCTTCACCCTGTATTCAGCTGGGGAAGAAAAGGAGAAAGAAAGGCTAAAAGCCACATTAACAAAGAAGGAAAGCTTTCTGCACATCACAGCCCCTAAACCTGAAGACTCAGCCACTTATCTCTGTGCTGTGGGGGCTAATGCAGGCAACATGCTCACCTTTGGAGGGGGAACAAGGTTAATGGTCAAACCCCATATCCAGAACCCTGACCCTGCCGTGTACCAGCTGAGAGACTCTAAATCCAGTGACAAGTCTGTCTGCCTATTCACCGATTTTGATTCTCAAACAAATGTGTCACAAAGTAAGGATTCTGATGTGTATATCACAGACAAAACTGTGCTAGACATGAGGTCTATGGACTTCAAGAGCAACAGTGCTGTGGCCTGGAGCAACAAATCTGACTTTGCATGTGCAAACGCCTTCAACAACAGCATTATTCCAGAAGACACCTTCTTCCCCAGCCCAGAAAGTTCCTGTGATGTCAAGCTGGTCGAGAAAAGCTTTGAAACAGATACGAACCTAAACTTTCAAAACCTGTCAGTGATTGGGTTCCGAATCCTCCTCCTGAAAGTGGCCGGGTTTAATCTGCTCATGACGCTGCGGCTGTGGTCCAGCTGA		GATGGTGGAATCACTCAGTCCCCAAAGTACCTGTTCAGAAAGGAAGGACAGAATGTGACCCTGAGTTGTGAACAGAATTTGAACCACGATGCCATGTACTGGTACCGACAGGACCCAGGGCAAGGGCTGAGATTGATCTACTACTCACAGATAGTAAATGACTTTCAGAAAGGAGATATAGCTGAAGGGTACAGCGTCTCTCGGGAGAAGAAGGAATCCTTTCCTCTCACTGTGACATCGGCCCAAAAGAACCCGACAGCTTTCTATCTCTGTGCCAGTAGTATATTCGGGGAGCTGTTTTTTGGAGAAGGCTCTAGGCTGACCGTACTGGAGGACCTGAACAAGGTGTTCCCACCCGAGGTCGCTGTGTTTGAGCCATCAGAAGCAGAGATCTCCCACACCCAAAAGGCCACACTGGTGTGCCTGGCCACAGGCTTCTTCCCTGACCACGTGGAGCTGAGCTGGTGGGTGAATGGGAAGGAGGTGCACAGTGGGGTCAGCACGGACCCGCAGCCCCTCAAGGAGCAGCCCGCCCTCAATGACTCCAGATACTGCCTGAGCAGCCGCCTGAGGGTCTCGGCCACCTTCTGGCAGAACCCCCGCAACCACTTCCGCTGTCAAGTCCAGTTCTACGGGCTCTCGGAGAATGACGAGTGGACCCAGGATAGGGCCAAACCCGTCACCCAGATC		TRAV20*01		TRBV19*01		0.0		0.0		True	TCR	TRA+TRB	single pair	B107810_L4_S89.homo.gencode.v30.ERCC.chrM	TSP1	Lung	Proximal	smartseq2	cd8-positive, alpha-beta t cell	cd8-positive, alpha-beta t cell	cd8-positive, alpha-beta t cell	0.86	True									1.0	B107810_L4_S89.homo.gencode.v30.ERCC.chrM	1461155.0	1670	2527	3
859	0	TRB	CASSIFGELFF	TRBV19*01	TRBJ2-2*01	HomoSapiens	HLA-B*44	B2M	MHCI	NEGVKAAW	IE2	CMV	https://github.com/antigenomics/vdjdb-db/issues/313	"{""frequency"": ""0.280%"", ""identification"": ""tetramer-sort"", ""sequencing"": ""amplicon-seq"", ""singlecell"": """", ""verification"": """"}"	"{""cell.subset"": ""CD8+"", ""clone.id"": """", ""donor.MHC"": """", ""donor.MHC.method"": """", ""epitope.id"": ""NW8"", ""replica.id"": ""2017"", ""samples.found"": 1, ""structure.id"": """", ""studies.found"": 1, ""study.id"": """", ""subject.cohort"": """", ""subject.id"": ""76C"", ""tissue"": ""PBMC""}"	"{""cdr3"": ""CASSIFGELFF"", ""cdr3_old"": ""CASSIFGELFF"", ""fixNeeded"": false, ""good"": true, ""jCanonical"": true, ""jFixType"": ""NoFixNeeded"", ""jId"": ""TRBJ2-2*01"", ""jStart"": 6, ""vCanonical"": true, ""vEnd"": 5, ""vFixType"": ""NoFixNeeded"", ""vId"": ""TRBV19*01""}"	1	False	[]													TRAJ39*01		TRBJ2-2*01		TGTGCTGTGGGGGCTAATGCAGGCAACATGCTCACCTTT		TGTGCCAGTAGTATATTCGGGGAGCTGTTTTTT		CAVGANAGNMLTF		CASSIFGELFF		TRA		TRB		True	None	True	None	GAAGACCAGGTGACGCAGAGTCCCGAGGCCCTGAGACTCCAGGAGGGAGAGAGTAGCAGTCTTAACTGCAGTTACACAGTCAGCGGTTTAAGAGGGCTGTTCTGGTATAGGCAAGATCCTGGGAAAGGCCCTGAATTCCTCTTCACCCTGTATTCAGCTGGGGAAGAAAAGGAGAAAGAAAGGCTAAAAGCCACATTAACAAAGAAGGAAAGCTTTCTGCACATCACAGCCCCTAAACCTGAAGACTCAGCCACTTATCTCTGTGCTGTGGGGGCTAATGCAGGCAACATGCTCACCTTTGGAGGGGGAACAAGGTTAATGGTCAAACCCCATATCCAGAACCCTGACCCTGCCGTGTACCAGCTGAGAGACTCTAAATCCAGTGACAAGTCTGTCTGCCTATTCACCGATTTTGATTCTCAAACAAATGTGTCACAAAGTAAGGATTCTGATGTGTATATCACAGACAAAACTGTGCTAGACATGAGGTCTATGGACTTCAAGAGCAACAGTGCTGTGGCCTGGAGCAACAAATCTGACTTTGCATGTGCAAACGCCTTCAACAACAGCATTATTCCAGAAGACACCTTCTTCCCCAGCCCAGAAAGTTCCTGTGATGTCAAGCTGGTCGAGAAAAGCTTTGAAACAGATACGAACCTAAACTTTCAAAACCTGTCAGTGATTGGGTTCCGAATCCTCCTCCTGAAAGTGGCCGGGTTTAATCTGCTCATGACGCTGCGGCTGTGGTCCAGCTGA		GATGGTGGAATCACTCAGTCCCCAAAGTACCTGTTCAGAAAGGAAGGACAGAATGTGACCCTGAGTTGTGAACAGAATTTGAACCACGATGCCATGTACTGGTACCGACAGGACCCAGGGCAAGGGCTGAGATTGATCTACTACTCACAGATAGTAAATGACTTTCAGAAAGGAGATATAGCTGAAGGGTACAGCGTCTCTCGGGAGAAGAAGGAATCCTTTCCTCTCACTGTGACATCGGCCCAAAAGAACCCGACAGCTTTCTATCTCTGTGCCAGTAGTATATTCGGGGAGCTGTTTTTTGGAGAAGGCTCTAGGCTGACCGTACTGGAGGACCTGAACAAGGTGTTCCCACCCGAGGTCGCTGTGTTTGAGCCATCAGAAGCAGAGATCTCCCACACCCAAAAGGCCACACTGGTGTGCCTGGCCACAGGCTTCTTCCCTGACCACGTGGAGCTGAGCTGGTGGGTGAATGGGAAGGAGGTGCACAGTGGGGTCAGCACGGACCCGCAGCCCCTCAAGGAGCAGCCCGCCCTCAATGACTCCAGATACTGCCTGAGCAGCCGCCTGAGGGTCTCGGCCACCTTCTGGCAGAACCCCCGCAACCACTTCCGCTGTCAAGTCCAGTTCTACGGGCTCTCGGAGAATGACGAGTGGACCCAGGATAGGGCCAAACCCGTCACCCAGATC		TRAV20*01		TRBV19*01		0.0		0.0		True	TCR	TRA+TRB	single pair	B107909_E21_S41.homo.gencode.v30.ERCC.chrM	TSP1	Muscle		smartseq2	macrophage	macrophage	macrophage	1.0	True									1.0	B107909_E21_S41.homo.gencode.v30.ERCC.chrM	248482.0	2764	2527	3
897	0	TRB	CSVGTGGTNEKLFF	TRBV29-1*01	TRBJ1-4*01	HomoSapiens	HLA-A*02	B2M	MHCI	GLCTLVAML	BMLF1	EBV	PMID:29483360	"{""frequency"": ""99.92%"", ""identification"": ""tetramer-sort"", ""sequencing"": ""amplicon-seq"", ""singlecell"": """", ""verification"": """"}"	"{""cell.subset"": """", ""clone.id"": """", ""donor.MHC"": """", ""donor.MHC.method"": """", ""epitope.id"": """", ""replica.id"": ""Optimised"", ""samples.found"": 3, ""structure.id"": """", ""studies.found"": 3, ""study.id"": """", ""subject.cohort"": """", ""subject.id"": ""Donor5"", ""tissue"": """"}"	"{""cdr3"": ""CSVGTGGTNEKLFF"", ""cdr3_old"": ""CSVGTGGTNEKLFF"", ""fixNeeded"": false, ""good"": true, ""jCanonical"": true, ""jFixType"": ""NoFixNeeded"", ""jId"": ""TRBJ1-4*01"", ""jStart"": 7, ""vCanonical"": true, ""vEnd"": 3, ""vFixType"": ""NoFixNeeded"", ""vId"": ""TRBV29-1*01""}"	2	False	[]							TRBD1*01								TRBJ1-4*01				TGCAGCGTTGGGACGGGGGGTACTAATGAAAAACTGTTTTTT				CSVGTGGTNEKLFF				TRB		None	None	True	None			AGTGCTGTCATCTCTCAAAAGCCAAGCAGGGATATCTGTCAACGTGGAACCTCCCTGACGATCCAGTGTCAAGTCGATAGCCAAGTCACCATGATGTTCTGGTACCGTCAGCAACCTGGACAGAGCCTGACACTGATCGCAACTGCAAATCAGGGCTCTGAGGCCACATATGAGAGTGGATTTGTCATTGACAAGTTTCCCATCAGCCGCCCAAACCTAACATTCTCAACTCTGACTGTGAGCAACATGAGCCCTGAAGACAGCAGCATATATCTCTGCAGCGTTGGGACGGGGGGTACTAATGAAAAACTGTTTTTTGGCAGTGGAACCCAGCTCTCTGTCTTGGAGGACCTGAACAAGGTGTTCCCACCCGAGGTCGCTGTGTTTGAGCCATCAGAAGCAGAGATCTCCCACACCCAAAAGGCCACACTGGTGTGCCTGGCCACAGGCTTCTTCCCTGACCACGTGGAGCTGAGCTGGTGGGTGAATGGGAAGGAGGTGCACAGTGGGGTCAGCACGGACCCGCAGCCCCTCAAGGAGCAGCCCGCCCTCAATGACTCCAGATACTGCCTGAGCAGCCGCCTGAGGGTCTCGGCCACCTTCTGGCAGAACCCCCGCAACCACTTCCGCTGTCAAGTCCAGTTCTACGGGCTCTCGGAGAATGACGAGTGGACCCAGGATAGGGCCAAACCCGTCACCCAGATC				TRBV29-1*01				0.0		True	TCR	TRA+TRB	orphan VDJ	TSP7_Tongue_anterior_SS2_B134164_B133901_Immune_O9_S345	TSP7	Tongue	anterior	smartseq2	immune cell	Immune_notvalidated	cd8-positive, alpha-beta t cell	42.86	True					B134164	B133901	O9	Immune		TSP7_Tongue_anterior_SS2_B134164_B133901_Immune_O9_S345	89116.0	1210	3083	1
915	0	TRB	CSVEVNTEAFF	TRBV29-1*01	TRBJ1-1*01	HomoSapiens	HLA-A*02	B2M	MHCI	NLVPMVATV	pp65	CMV	PMID:28423320	"{""frequency"": ""0.0016%"", ""identification"": ""antigen-loaded-targets,dextramer-sort"", ""sequencing"": ""amplicon-seq"", ""singlecell"": """", ""verification"": """"}"	"{""cell.subset"": ""CD8+"", ""clone.id"": """", ""donor.MHC"": """", ""donor.MHC.method"": """", ""epitope.id"": ""44920"", ""replica.id"": """", ""samples.found"": 1, ""structure.id"": """", ""studies.found"": 1, ""study.id"": """", ""subject.cohort"": """", ""subject.id"": """", ""tissue"": ""PBMC""}"	"{""cdr3"": ""CSVEVNTEAFF"", ""cdr3_old"": ""CSVEVNTEAFF"", ""fixNeeded"": false, ""good"": true, ""jCanonical"": true, ""jFixType"": ""NoFixNeeded"", ""jId"": ""TRBJ1-1*01"", ""jStart"": 5, ""vCanonical"": true, ""vEnd"": 4, ""vFixType"": ""NoFixNeeded"", ""vId"": ""TRBV29-1*01""}"	0	False	[]															TRBJ1-1*01				TGCAGCGTTGAAGTGAACACTGAAGCTTTCTTT				CSVEVNTEAFF				TRB		None	None	True	None			AGTGCTGTCATCTCTCAAAAGCCAAGCAGGGATATCTGTCAACGTGGAACCTCCCTGACGATCCAGTGTCAAGTCGATAGCCAAGTCACCATGATGTTCTGGTACCGTCAGCAACCTGGACAGAGCCTGACACTGATCGCAACTGCAAATCAGGGCTCTGAGGCCACATATGAGAGTGGATTTGTCATTGACAAGTTTCCCATCAGCCGCCCAAACCTAACATTCTCAACTCTGACTGTGAGCAACATGAGCCCTGAAGACAGCAGCATATATCTCTGCAGCGTTGAAGTGAACACTGAAGCTTTCTTTGGACAAGGCACCAGACTCACAGTTGTAGAGGACCTGAACAAGGTGTTCCCACCCGAGGTCGCTGTGTTTGAGCCATCAGAAGCAGAGATCTCCCACACCCAAAAGGCCACACTGGTGTGCCTGGCCACAGGCTTCTTCCCTGACCACGTGGAGCTGAGCTGGTGGGTGAATGGGAAGGAGGTGCACAGTGGGGTCAGCACGGACCCGCAGCCCCTCAAGGAGCAGCCCGCCCTCAATGACTCCAGATACTGCCTGAGCAGCCGCCTGAGGGTCTCGGCCACCTTCTGGCAGAACCCCCGCAACCACTTCCGCTGTCAAGTCCAGTTCTACGGGCTCTCGGAGAATGACGAGTGGACCCAGGATAGGGCCAAACCCGTCACCCAGATC				TRBV29-1*01				0.0		True	TCR	TRA+TRB	orphan VDJ	TSP2_Muscle_diaphragm_SS2_B114580_B104855_Immune_K23_S263	TSP2	Muscle		smartseq2	cd8-positive, alpha-beta t cell	cd8-positive, alpha-beta t cell	cd8-positive, alpha-beta t cell	1.0	True									2.0	TSP2_Muscle_diaphragm_SS2_B114580_B104855_Immune_K23_S263	338525.0	1109	4419	3
916	0	TRB	CSVEVNTEAFF	TRBV29-1*01	TRBJ1-1*01	HomoSapiens	HLA-A*02	B2M	MHCI	NLVPMVATV	pp65	CMV	PMID:28423320	"{""frequency"": ""0.0016%"", ""identification"": ""antigen-loaded-targets,dextramer-sort"", ""sequencing"": ""amplicon-seq"", ""singlecell"": """", ""verification"": """"}"	"{""cell.subset"": ""CD8+"", ""clone.id"": """", ""donor.MHC"": """", ""donor.MHC.method"": """", ""epitope.id"": ""44920"", ""replica.id"": """", ""samples.found"": 1, ""structure.id"": """", ""studies.found"": 1, ""study.id"": """", ""subject.cohort"": """", ""subject.id"": """", ""tissue"": ""PBMC""}"	"{""cdr3"": ""CSVEVNTEAFF"", ""cdr3_old"": ""CSVEVNTEAFF"", ""fixNeeded"": false, ""good"": true, ""jCanonical"": true, ""jFixType"": ""NoFixNeeded"", ""jId"": ""TRBJ1-1*01"", ""jStart"": 5, ""vCanonical"": true, ""vEnd"": 4, ""vFixType"": ""NoFixNeeded"", ""vId"": ""TRBV29-1*01""}"	0	False	[]															TRBJ1-1*01				TGCAGCGTTGAAGTGAACACTGAAGCTTTCTTT				CSVEVNTEAFF				TRB		None	None	True	None			AGTGCTGTCATCTCTCAAAAGCCAAGCAGGGATATCTGTCAACGTGGAACCTCCCTGACGATCCAGTGTCAAGTCGATAGCCAAGTCACCATGATGTTCTGGTACCGTCAGCAACCTGGACAGAGCCTGACACTGATCGCAACTGCAAATCAGGGCTCTGAGGCCACATATGAGAGTGGATTTGTCATTGACAAGTTTCCCATCAGCCGCCCAAACCTAACATTCTCAACTCTGACTGTGAGCAACATGAGCCCTGAAGACAGCAGCATATATCTCTGCAGCGTTGAAGTGAACACTGAAGCTTTCTTTGGACAAGGCACCAGACTCACAGTTGTAGAGGACCTGAACAAGGTGTTCCCACCCGAGGTCGCTGTGTTTGAGCCATCAGAAGCAGAGATCTCCCACACCCAAAAGGCCACACTGGTGTGCCTGGCCACAGGCTTCTTCCCTGACCACGTGGAGCTGAGCTGGTGGGTGAATGGGAAGGAGGTGCACAGTGGGGTCAGCACGGACCCGCAGCCCCTCAAGGAGCAGCCCGCCCTCAATGACTCCAGATACTGCCTGAGCAGCCGCCTGAGGGTCTCGGCCACCTTCTGGCAGAACCCCCGCAACCACTTCCGCTGTCAAGTCCAGTTCTACGGGCTCTCGGAGAATGACGAGTGGACCCAGGATAGGGCCAAACCCGTCACCCAGATC				TRBV29-1*01				0.0		True	TCR	TRA+TRB	orphan VDJ	TSP2_Muscle_diaphragm_SS2_B114580_B104855_Immune_J5_S221	TSP2	Muscle		smartseq2	cd8-positive, alpha-beta t cell	cd8-positive, alpha-beta t cell	cd8-positive, alpha-beta t cell	0.86	True									2.0	TSP2_Muscle_diaphragm_SS2_B114580_B104855_Immune_J5_S221	509575.0	1163	4419	3
917	0	TRB	CSVEVNTEAFF	TRBV29-1*01	TRBJ1-1*01	HomoSapiens	HLA-A*02	B2M	MHCI	NLVPMVATV	pp65	CMV	PMID:28423320	"{""frequency"": ""0.0016%"", ""identification"": ""antigen-loaded-targets,dextramer-sort"", ""sequencing"": ""amplicon-seq"", ""singlecell"": """", ""verification"": """"}"	"{""cell.subset"": ""CD8+"", ""clone.id"": """", ""donor.MHC"": """", ""donor.MHC.method"": """", ""epitope.id"": ""44920"", ""replica.id"": """", ""samples.found"": 1, ""structure.id"": """", ""studies.found"": 1, ""study.id"": """", ""subject.cohort"": """", ""subject.id"": """", ""tissue"": ""PBMC""}"	"{""cdr3"": ""CSVEVNTEAFF"", ""cdr3_old"": ""CSVEVNTEAFF"", ""fixNeeded"": false, ""good"": true, ""jCanonical"": true, ""jFixType"": ""NoFixNeeded"", ""jId"": ""TRBJ1-1*01"", ""jStart"": 5, ""vCanonical"": true, ""vEnd"": 4, ""vFixType"": ""NoFixNeeded"", ""vId"": ""TRBV29-1*01""}"	0	False	[]															TRBJ1-1*01				TGCAGCGTTGAAGTGAACACTGAAGCTTTCTTT				CSVEVNTEAFF				TRB		None	None	True	None			AGTGCTGTCATCTCTCAAAAGCCAAGCAGGGATATCTGTCAACGTGGAACCTCCCTGACGATCCAGTGTCAAGTCGATAGCCAAGTCACCATGATGTTCTGGTACCGTCAGCAACCTGGACAGAGCCTGACACTGATCGCAACTGCAAATCAGGGCTCTGAGGCCACATATGAGAGTGGATTTGTCATTGACAAGTTTCCCATCAGCCGCCCAAACCTAACATTCTCAACTCTGACTGTGAGCAACATGAGCCCTGAAGACAGCAGCATATATCTCTGCAGCGTTGAAGTGAACACTGAAGCTTTCTTTGGACAAGGCACCAGACTCACAGTTGTAGAGGACCTGAACAAGGTGTTCCCACCCGAGGTCGCTGTGTTTGAGCCATCAGAAGCAGAGATCTCCCACACCCAAAAGGCCACACTGGTGTGCCTGGCCACAGGCTTCTTCCCTGACCACGTGGAGCTGAGCTGGTGGGTGAATGGGAAGGAGGTGCACAGTGGGGTCAGCACGGACCCGCAGCCCCTCAAGGAGCAGCCCGCCCTCAATGACTCCAGATACTGCCTGAGCAGCCGCCTGAGGGTCTCGGCCACCTTCTGGCAGAACCCCCGCAACCACTTCCGCTGTCAAGTCCAGTTCTACGGGCTCTCGGAGAATGACGAGTGGACCCAGGATAGGGCCAAACCCGTCACCCAGATC				TRBV29-1*01				0.0		True	TCR	TRA+TRB	orphan VDJ	TSP2_Muscle_diaphragm_SS2_B114580_B104855_Immune_M7_S295	TSP2	Muscle		smartseq2	cd8-positive, alpha-beta t cell	cd8-positive, alpha-beta t cell	cd8-positive, alpha-beta t cell	0.86	True									2.0	TSP2_Muscle_diaphragm_SS2_B114580_B104855_Immune_M7_S295	271476.0	1382	4419	3
951	0	TRB	CASSIGSYGYTF	TRBV19*01	TRBJ1-2*01	HomoSapiens	HLA-A*02:01	B2M	MHCI	GILGFVFTL	M	InfluenzaA	PMID:25609818	"{""frequency"": ""6/125"", ""identification"": ""cultured-T-cells"", ""sequencing"": ""sanger"", ""singlecell"": """", ""verification"": """"}"	"{""cell.subset"": ""CD8+"", ""clone.id"": """", ""donor.MHC"": """", ""donor.MHC.method"": """", ""epitope.id"": """", ""replica.id"": """", ""samples.found"": 1, ""structure.id"": """", ""studies.found"": 1, ""study.id"": """", ""subject.cohort"": ""Middle-aged"", ""subject.id"": ""Donor8"", ""tissue"": ""PBMC""}"	"{""cdr3"": ""CASSIGSYGYTF"", ""cdr3_old"": ""CASSIGSYGYTF"", ""fixNeeded"": false, ""good"": true, ""jCanonical"": true, ""jFixType"": ""NoFixNeeded"", ""jId"": ""TRBJ1-2*01"", ""jStart"": 7, ""vCanonical"": true, ""vEnd"": 5, ""vFixType"": ""NoFixNeeded"", ""vId"": ""TRBV19*01""}"	0	False	[]							TRBD2*02						TRAJ47*01		TRBJ1-2*01		TGTGCTTATAGGAGAAGGTTGATGGAATATGGAAACAAACTGGTCTTT		TGTGCCAGTAGTATTGGGAGCTATGGCTACACCTTC		CAYRRRLMEYGNKLVF		CASSIGSYGYTF		TRA		TRB		True	None	True	None	GCTCAGACAGTCACTCAGTCTCAACCAGAGATGTCTGTGCAGGAGGCAGAGACCGTGACCCTGAGCTGCACATATGACACCAGTGAGAGTGATTATTATTTATTCTGGTACAAGCAGCCTCCCAGCAGGCAGATGATTCTCGTTATTCGCCAAGAAGCTTATAAGCAACAGAATGCAACAGAGAATCGTTTCTCTGTGAACTTCCAGAAAGCAGCCAAATCCTTCAGTCTCAAGATCTCAGACTCACAGCTGGGGGATGCCGCGATGTATTTCTGTGCTTATAGGAGAAGGTTGATGGAATATGGAAACAAACTGGTCTTTGGCGCAGGAACCATTCTGAGAGTCAAGTCCTATATCCAGAACCCTGACCCTGCCGTGTACCAGCTGAGAGACTCTAAATCCAGTGACAAGTCTGTCTGCCTATTCACCGATTTTGATTCTCAAACAAATGTGTCACAAAGTAAGGATTCTGATGTGTATATCACAGACAAAACTGTGCTAGACATGAGGTCTATGGACTTCAAGAGCAACAGTGCTGTGGCCTGGAGCAACAAATCTGACTTTGCATGTGCAAACGCCTTCAACAACAGCATTATTCCAGAAGACACCTTCTTCCCCAGCCCAGAAAGTTCCTGTGATGTCAAGCTGGTCGAGAAAAGCTTTGAAACAGATACGAACCTAAACTTTCAAAACCTGTCAGTGATTGGGTTCCGAATCCTCCTCCTGAAAGTGGCCGGGTTTAATCTGCTCATGACGCTGCGGCTGTGGTCCAGCTGA		GATGGTGGAATCACTCAGTCCCCAAAGTACCTGTTCAGAAAGGAAGGACAGAATGTGACCCTGAGTTGTGAACAGAATTTGAACCACGATGCCATGTACTGGTACCGACAGGACCCAGGGCAAGGGCTGAGATTGATCTACTACTCACAGATAGTAAATGACTTTCAGAAAGGAGATATAGCTGAAGGGTACAGCGTCTCTCGGGAGAAGAAGGAATCCTTTCCTCTCACTGTGACATCGGCCCAAAAGAACCCGACAGCTTTCTATCTCTGTGCCAGTAGTATTGGGAGCTATGGCTACACCTTCGGTTCGGGGACCAGGTTAACCGTTGTAGAGGACCTGAACAAGGTGTTCCCACCCGAGGTCGCTGTGTTTGAGCCATCAGAAGCAGAGATCTCCCACACCCAAAAGGCCACACTGGTGTGCCTGGCCACAGGCTTCTTCCCTGACCACGTGGAGCTGAGCTGGTGGGTGAATGGGAAGGAGGTGCACAGTGGGGTCAGCACGGACCCGCAGCCCCTCAAGGAGCAGCCCGCCCTCAATGACTCCAGATACTGCCTGAGCAGCCGCCTGAGGGTCTCGGCCACCTTCTGGCAGAACCCCCGCAACCACTTCCGCTGTCAAGTCCAGTTCTACGGGCTCTCGGAGAATGACGAGTGGACCCAGGATAGGGCCAAACCCGTCACCCAGATC		TRAV38-2/DV8*01		TRBV19*01		0.0		0.0		True	TCR	TRA+TRB	single pair	B107909_J4_S139.homo.gencode.v30.ERCC.chrM	TSP1	Muscle		smartseq2	cd4-positive, alpha-beta t cell	cd4-positive, alpha-beta t cell	cd4-positive, alpha-beta t cell	0.43	True									1.0	B107909_J4_S139.homo.gencode.v30.ERCC.chrM	453240.0	1369	2576	1
954	0	TRB	CASSSGVYGYTF	TRBV12-3*01	TRBJ1-2*01	HomoSapiens	HLA-A*02	B2M	MHCI	GILGFVFTL	M	InfluenzaA	PMID:28423320	"{""frequency"": ""0.0011%"", ""identification"": ""antigen-loaded-targets,dextramer-sort"", ""sequencing"": ""amplicon-seq"", ""singlecell"": """", ""verification"": """"}"	"{""cell.subset"": ""CD8+"", ""clone.id"": """", ""donor.MHC"": """", ""donor.MHC.method"": """", ""epitope.id"": ""20354"", ""replica.id"": """", ""samples.found"": 1, ""structure.id"": """", ""studies.found"": 1, ""study.id"": """", ""subject.cohort"": """", ""subject.id"": """", ""tissue"": ""PBMC""}"	"{""cdr3"": ""CASSSGVYGYTF"", ""cdr3_old"": ""CASSSGVYGYTF"", ""fixNeeded"": false, ""good"": true, ""jCanonical"": true, ""jFixType"": ""NoFixNeeded"", ""jId"": ""TRBJ1-2*01"", ""jStart"": 7, ""vCanonical"": true, ""vEnd"": 4, ""vFixType"": ""NoFixNeeded"", ""vId"": ""TRBV12-3*01""}"	0	False	[]							TRBD2*01						TRAJ38*01	TRAJ47*01	TRBJ1-2*01		TGTGCTGTGGGGGGAAATGCTGGCAACAACCGTAAGCTGATTT	TGTGCACCAGGAAACAAACTGGTCTTT	TGTGCCAGCAGCTCCGGGGTTTATGGCTACACCTTC		CAVGGNAGNNRKLI	CAPGNKLVF	CASSSGVYGYTF		TRA	TRA	TRB		True	True	True	None	GGAATACAAGTGGAGCAGAGTCCTCCAGACCTGATTCTCCAGGAGGGAGCCAATTCCACGCTGCGGTGCAATTTTTCTGACTCTGTGAACAATTTGCAGTGGTTTCATCAAAACCCTTGGGGACAGCTCATCAACCTGTTTTACATTCCCTCAGGGACAAAACAGAATGGAAGATTAAGCGCCACGACTGTCGCTACGGAACGCTACAGCTTATTGTACATTTCCTCTTCCCAGACCACAGACTCAGGCGTTTATTTCTGTGCTGTGGGGGGAAATGCTGGCAACAACCGTAAGCTGATTTGGGGATTGGGAACAAGCCTGGCAGTAAATCCGAATATCCAGAACCCTGACCCTGCCGTGTACCAGCTGAGAGACTCTAAATCCAGTGACAAGTCTGTCTGCCTATTCACCGATTTTGATTCTCAAACAAATGTGTCACAAAGTAAGGATTCTGATGTGTATATCACAGACAAAACTGTGCTAGACATGAGGTCTATGGACTTCAAGAGCAACAGTGCTGTGGCCTGGAGCAACAAATCTGACTTTGCATGTGCAAACGCCTTCAACAACAGCATTATTCCAGAAGACACCTTCTTCCCCAGCCCAGAAAGTTCCTGTGATGTCAAGCTGGTCGAGAAAAGCTTTGAAACAGATACGAACCTAAACTTTCAAAACCTGTCAGTGATTGGGTTCCGAATCCTCCTCCTGAAAGTGGCCGGGTTTAATCTGCTCATGACGCTGCGGCTGTGGTCCAGCTGA	GGAGAGAATGTGGAGCAGCATCCTTCAACCCTGAGTGTCCAGGAGGGAGACAGCGCTGTTATCAAGTGTACTTATTCAGACAGTGCCTCAAACTACTTCCCTTGGTATAAGCAAGAACTTGGAAAAGGACCTCAGCTTATTATAGACATTCGTTCAAATGTGGGCGAAAAGAAAGACCAACGAATTGCTGTTACATTGAACAAGACAGCCAAACATTTCTCCCTGCACATCACAGAGACCCAACCTGAAGACTCGGCTGTCTACTTCTGTGCACCAGGAAACAAACTGGTCTTTGGCGCAGGAACCATTCTGAGAGTCAAGTCCTATATCCAGAACCCTGACCCTGCCGTGTACCAGCTGAGAGACTCTAAATCCAGTGACAAGTCTGTCTGCCTATTCACCGATTTTGATTCTCAAACAAATGTGTCACAAAGTAAGGATTCTGATGTGTATATCACAGACAAAACTGTGCTAGACATGAGGTCTATGGACTTCAAGAGCAACAGTGCTGTGGCCTGGAGCAACAAATCTGACTTTGCATGTGCAAACGCCTTCAACAACAGCATTATTCCAGAAGACACCTTCTTCCCCAGCCCAGAAAGTTCCTGTGATGTCAAGCTGGTCGAGAAAAGCTTTGAAACAGATACGAACCTAAACTTTCAAAACCTGTCAGTGATTGGGTTCCGAATCCTCCTCCTGAAAGTGGCCGGGTTTAATCTGCTCATGACGCTGCGGCTGTGGTCCAGCTGA	GATGCTGGAGTTATCCAGTCACCCCGCCATGAGGTGACAGAGATGGGACAAGAAGTGACTCTGAGATGTAAACCAATTTCAGGCCACAACTCCCTTTTCTGGTACAGACAGACCATGATGCGGGGACTGGAGTTGCTCATTTACTTTAACAACAACGTTCCGATAGATGATTCAGGGATGCCCGAGGATCGATTCTCAGCTAAGATGCCTAATGCATCATTCTCCACTCTGAAGATCCAGCCCTCAGAACCCAGGGACTCAGCTGTGTACTTCTGTGCCAGCAGCTCCGGGGTTTATGGCTACACCTTCGGTTCGGGGACCAGGTTAACCGTTGTAGAGGACCTGAACAAGGTGTTCCCACCCGAGGTCGCTGTGTTTGAGCCATCAGAAGCAGAGATCTCCCACACCCAAAAGGCCACACTGGTGTGCCTGGCCACAGGCTTCTTCCCTGACCACGTGGAGCTGAGCTGGTGGGTGAATGGGAAGGAGGTGCACAGTGGGGTCAGCACGGACCCGCAGCCCCTCAAGGAGCAGCCCGCCCTCAATGACTCCAGATACTGCCTGAGCAGCCGCCTGAGGGTCTCGGCCACCTTCTGGCAGAACCCCCGCAACCACTTCCGCTGTCAAGTCCAGTTCTACGGGCTCTCGGAGAATGACGAGTGGACCCAGGATAGGGCCAAACCCGTCACCCAGATC		TRAV22*01	TRAV13-1*01	TRBV12-3*01		0.0	0.0036231884057971	0.0		True	TCR	TRA+TRB	extra VJ	TSP2_LymphNode_supradiaphragmatic_SS2_B113242_B133056_ImmuneLinNeg_I10_S202	TSP2	Lymph_Node		smartseq2	cd4-positive, alpha-beta memory t cell	cd4-positive, alpha-beta memory t cell	cd4-positive, alpha-beta memory t cell	0.57	True									2.0	TSP2_LymphNode_supradiaphragmatic_SS2_B113242_B133056_ImmuneLinNeg_I10_S202	671248.0	1534	4793	1
956	0	TRB	CSARDRDYGYTF	TRBV20-1*01	TRBJ1-2*01	HomoSapiens	HLA-A*02	B2M	MHCI	GILGFVFTL	M	InfluenzaA	PMID:28423320	"{""frequency"": ""0.0003%"", ""identification"": ""antigen-loaded-targets,dextramer-sort"", ""sequencing"": ""amplicon-seq"", ""singlecell"": """", ""verification"": """"}"	"{""cell.subset"": ""CD8+"", ""clone.id"": """", ""donor.MHC"": """", ""donor.MHC.method"": """", ""epitope.id"": ""20354"", ""replica.id"": """", ""samples.found"": 1, ""structure.id"": """", ""studies.found"": 1, ""study.id"": """", ""subject.cohort"": """", ""subject.id"": """", ""tissue"": ""PBMC""}"	"{""cdr3"": ""CSARDRDYGYTF"", ""cdr3_old"": ""CSARDRDYGYTF"", ""fixNeeded"": false, ""good"": true, ""jCanonical"": true, ""jFixType"": ""NoFixNeeded"", ""jId"": ""TRBJ1-2*01"", ""jStart"": 7, ""vCanonical"": true, ""vEnd"": 4, ""vFixType"": ""NoFixNeeded"", ""vId"": ""TRBV20-1*01""}"	0	False	[]							TRBD1*01						TRAJ33*01	TRAJ27*01	TRBJ1-2*01		TGTGCTGTGATGGATAGCAACTATCAGTTAATCTGG	TGTGCAGAGAGTAACACCAATGCAGGCAAATCAACCTTT	TGCAGTGCTAGAGACAGGGACTATGGCTACACCTTC		CAVMDSNYQLIW	CAESNTNAGKSTF	CSARDRDYGYTF		TRA	TRA	TRB		True	True	True	None	GGACAAAACATTGACCAGCCCACTGAGATGACAGCTACGGAAGGTGCCATTGTCCAGATCAACTGCACGTACCAGACATCTGGGTTCAACGGGCTGTTCTGGTACCAGCAACATGCTGGCGAAGCACCCACATTTCTGTCTTACAATGTTCTGGATGGTTTGGAGGAGAAAGGTCGTTTTTCTTCATTCCTTAGTCGGTCTAAAGGGTACAGTTACCTCCTTTTGAAGGAGCTCCAGATGAAAGACTCTGCCTCTTACCTCTGTGCTGTGATGGATAGCAACTATCAGTTAATCTGGGGCGCTGGGACCAAGCTAATTATAAAGCCAGATATCCAGAACCCTGACCCTGCCGTGTACCAGCTGAGAGACTCTAAATCCAGTGACAAGTCTGTCTGCCTATTCACCGATTTTGATTCTCAAACAAATGTGTCACAAAGTAAGGATTCTGATGTGTATATCACAGACAAAACTGTGCTAGACATGAGGTCTATGGACTTCAAGAGCAACAGTGCTGTGGCCTGGAGCAACAAATCTGACTTTGCATGTGCAAACGCCTTCAACAACAGCATTATTCCAGAAGACACCTTCTTCCCCAGCCCAGAAAGTTCCTGTGATGTCAAGCTGGTCGAGAAAAGCTTTGAAACAGATACGAACCTAAACTTTCAAAACCTGTCAGTGATTGGGTTCCGAATCCTCCTCCTGAAAGTGGCCGGGTTTAATCTGCTCATGACGCTGCGGCTGTGGTCCAGCTGA	GGAGAGGATGTGGAGCAGAGTCTTTTCCTGAGTGTCCGAGAGGGAGACAGCTCCGTTATAAACTGCACTTACACAGACAGCTCCTCCACCTACTTATACTGGTATAAGCAAGAACCTGGAGCAGGTCTCCAGTTGCTGACGTATATTTTTTCAAATATGGACATGAAACAAGACCAAAGACTCACTGTTCTATTGAATAAAAAGGATAAACATCTGTCTCTGCGCATTGCAGACACCCAGACTGGGGACTCAGCTATCTACTTCTGTGCAGAGAGTAACACCAATGCAGGCAAATCAACCTTTGGGGATGGGACTACGCTCACTGTGAAGCCAAATATCCAGAACCCTGACCCTGCCGTGTACCAGCTGAGAGACTCTAAATCCAGTGACAAGTCTGTCTGCCTATTCACCGATTTTGATTCTCAAACAAATGTGTCACAAAGTAAGGATTCTGATGTGTATATCACAGACAAAACTGTGCTAGACATGAGGTCTATGGACTTCAAGAGCAACAGTGCTGTGGCCTGGAGCAACAAATCTGACTTTGCATGTGCAAACGCCTTCAACAACAGCATTATTCCAGAAGACACCTTCTTCCCCAGCCCAGAAAGTTCCTGTGATGTCAAGCTGGTCGAGAAAAGCTTTGAAACAGATACGAACCTAAACTTTCAAAACCTGTCAGTGATTGGGTTCCGAATCCTCCTCCTGAAAGTGGCCGGGTTTAATCTGCTCATGACGCTGCGGCTGTGGTCCAGCTGA	GGTGCTGTCGTCTCTCAACATCCGAGCTGGGTTATCTGTAAGAGTGGAACCTCTGTGAAGATCGAGTGCCGTTCCCTGGACTTTCAGGCCACAACTATGTTTTGGTATCGTCAGTTCCCGAAACAGAGTCTCATGCTGATGGCAACTTCCAATGAGGGCTCCAAGGCCACATACGAGCAAGGCGTCGAGAAGGACAAGTTTCTCATCAACCATGCAAGCCTGACCTTGTCCACTCTGACAGTGACCAGTGCCCATCCTGAAGACAGCAGCTTCTACATCTGCAGTGCTAGAGACAGGGACTATGGCTACACCTTCGGTTCGGGGACCAGGTTAACCGTTGTAGAGGACCTGAACAAGGTGTTCCCACCCGAGGTCGCTGTGTTTGAGCCATCAGAAGCAGAGATCTCCCACACCCAAAAGGCCACACTGGTGTGCCTGGCCACAGGCTTCTTCCCTGACCACGTGGAGCTGAGCTGGTGGGTGAATGGGAAGGAGGTGCACAGTGGGGTCAGCACGGACCCGCAGCCCCTCAAGGAGCAGCCCGCCCTCAATGACTCCAGATACTGCCTGAGCAGCCGCCTGAGGGTCTCGGCCACCTTCTGGCAGAACCCCCGCAACCACTTCCGCTGTCAAGTCCAGTTCTACGGGCTCTCGGAGAATGACGAGTGGACCCAGGATAGGGCCAAACCCGTCACCCAGATC		TRAV1-2*01	TRAV5*01	TRBV20-1*01		0.0	0.0	0.0		True	TCR	TRA+TRB	extra VJ	TSP2_Skin_chest_SS2_B113707_B111658_ImmuneLinPos_H3_S171	TSP2	Skin		smartseq2	cd4-positive helper t cell	cd4-positive helper t cell	cd4-positive helper t cell	28.57	False									2.0	TSP2_Skin_chest_SS2_B113707_B111658_ImmuneLinPos_H3_S171	212752.0	1232	5107	1
991	0	TRB	CASSSLNTEAFF	TRBV27*01	TRBJ1-1*01	HomoSapiens	HLA-A*02	B2M	MHCI	GLCTLVAML	BMLF1	EBV	PMID:29483360	"{""frequency"": ""0.99%"", ""identification"": ""tetramer-sort"", ""sequencing"": ""amplicon-seq"", ""singlecell"": """", ""verification"": """"}"	"{""cell.subset"": """", ""clone.id"": """", ""donor.MHC"": """", ""donor.MHC.method"": """", ""epitope.id"": """", ""replica.id"": ""Optimised"", ""samples.found"": 1, ""structure.id"": """", ""studies.found"": 1, ""study.id"": """", ""subject.cohort"": """", ""subject.id"": ""Donor0439"", ""tissue"": """"}"	"{""cdr3"": ""CASSSLNTEAFF"", ""cdr3_old"": ""CASSSLNTEAFF"", ""fixNeeded"": false, ""good"": true, ""jCanonical"": true, ""jFixType"": ""NoFixNeeded"", ""jId"": ""TRBJ1-1*01"", ""jStart"": 6, ""vCanonical"": true, ""vEnd"": 4, ""vFixType"": ""NoFixNeeded"", ""vId"": ""TRBV27*01""}"	0	False	[]															TRBJ1-1*01				TGTGCCAGCAGTTCGTTGAACACTGAAGCTTTCTTT				CASSSLNTEAFF				TRB		None	None	True	None			GAAGCCCAAGTGACCCAGAACCCAAGATACCTCATCACAGTGACTGGAAAGAAGTTAACAGTGACTTGTTCTCAGAATATGAACCATGAGTATATGTCCTGGTATCGACAAGACCCAGGGCTGGGCTTAAGGCAGATCTACTATTCAATGAATGTTGAGGTGACTGATAAGGGAGATGTTCCTGAAGGGTACAAAGTCTCTCGAAAAGAGAAGAGGAATTTCCCCCTGATCCTGGAGTCGCCCAGCCCCAACCAGACCTCTCTGTACTTCTGTGCCAGCAGTTCGTTGAACACTGAAGCTTTCTTTGGACAAGGCACCAGACTCACAGTTGTAGAGGACCTGAACAAGGTGTTCCCACCCGAGGTCGCTGTGTTTGAGCCATCAGAAGCAGAGATCTCCCACACCCAAAAGGCCACACTGGTGTGCCTGGCCACAGGCTTCTTCCCTGACCACGTGGAGCTGAGCTGGTGGGTGAATGGGAAGGAGGTGCACAGTGGGGTCAGCACGGACCCGCAGCCCCTCAAGGAGCAGCCCGCCCTCAATGACTCCAGATACTGCCTGAGCAGCCGCCTGAGGGTCTCGGCCACCTTCTGGCAGAACCCCCGCAACCACTTCCGCTGTCAAGTCCAGTTCTACGGGCTCTCGGAGAATGACGAGTGGACCCAGGATAGGGCCAAACCCGTCACCCAGATC				TRBV27*01				0.0		True	TCR	TRA+TRB	orphan VDJ	TSP2_BM_vertebralbody_SS2_B113709_B134460_Immune_B7_S31	TSP2	Bone_Marrow	vertebralbody	smartseq2	cd8-positive, alpha-beta t cell	CD8 t cell	cd8-positive, alpha-beta t cell	0.86	True									2.0	TSP2_BM_vertebralbody_SS2_B113709_B134460_Immune_B7_S31	220428.0	998	4517	1
992	0	TRB	CASSSLNTEAFF	TRBV27*01	TRBJ1-1*01	HomoSapiens	HLA-A*02	B2M	MHCI	GLCTLVAML	BMLF1	EBV	PMID:29483360	"{""frequency"": ""0.99%"", ""identification"": ""tetramer-sort"", ""sequencing"": ""amplicon-seq"", ""singlecell"": """", ""verification"": """"}"	"{""cell.subset"": """", ""clone.id"": """", ""donor.MHC"": """", ""donor.MHC.method"": """", ""epitope.id"": """", ""replica.id"": ""Optimised"", ""samples.found"": 1, ""structure.id"": """", ""studies.found"": 1, ""study.id"": """", ""subject.cohort"": """", ""subject.id"": ""Donor0439"", ""tissue"": """"}"	"{""cdr3"": ""CASSSLNTEAFF"", ""cdr3_old"": ""CASSSLNTEAFF"", ""fixNeeded"": false, ""good"": true, ""jCanonical"": true, ""jFixType"": ""NoFixNeeded"", ""jId"": ""TRBJ1-1*01"", ""jStart"": 6, ""vCanonical"": true, ""vEnd"": 4, ""vFixType"": ""NoFixNeeded"", ""vId"": ""TRBV27*01""}"	0	False	[]													TRAJ24*02		TRBJ1-1*01		TGCATCGTCAGAGTCGGGGGTGACAGCTGGGGGAAATTGCAGTTT		TGTGCCAGCAGTTCGTTGAACACTGAAGCTTTCTTT		CIVRVGGDSWGKLQF		CASSSLNTEAFF		TRA		TRB		True	None	True	None	GATGCTAAGACCACCCAGCCCCCCTCCATGGATTGCGCTGAAGGAAGAGCTGCAAACCTGCCTTGTAATCACTCTACCATCAGTGGAAATGAGTATGTGTATTGGTATCGACAGATTCACTCCCAGGGGCCACAGTATATCATTCATGGTCTAAAAAACAATGAAACCAATGAAATGGCCTCTCTGATCATCACAGAAGACAGAAAGTCCAGCACCTTGATCCTGCCCCACGCTACGCTGAGAGACACTGCTGTGTACTATTGCATCGTCAGAGTCGGGGGTGACAGCTGGGGGAAATTGCAGTTTGGAGCAGGGACCCAGGTTGTGGTCACCCCAGATATCCAGAACCCTGACCCTGCCGTGTACCAGCTGAGAGACTCTAAATCCAGTGACAAGTCTGTCTGCCTATTCACCGATTTTGATTCTCAAACAAATGTGTCACAAAGTAAGGATTCTGATGTGTATATCACAGACAAAACTGTGCTAGACATGAGGTCTATGGACTTCAAGAGCAACAGTGCTGTGGCCTGGAGCAACAAATCTGACTTTGCATGTGCAAACGCCTTCAACAACAGCATTATTCCAGAAGACACCTTCTTCCCCAGCCCAGAAAGTTCCTGTGATGTCAAGCTGGTCGAGAAAAGCTTTGAAACAGATACGAACCTAAACTTTCAAAACCTGTCAGTGATTGGGTTCCGAATCCTCCTCCTGAAAGTGGCCGGGTTTAATCTGCTCATGACGCTGCGGCTGTGGTCCAGCTGA		GAAGCCCAAGTGACCCAGAACCCAAGATACCTCATCACAGTGACTGGAAAGAAGTTAACAGTGACTTGTTCTCAGAATATGAACCATGAGTATATGTCCTGGTATCGACAAGACCCAGGGCTGGGCTTAAGGCAGATCTACTATTCAATGAATGTTGAGGTGACTGATAAGGGAGATGTTCCTGAAGGGTACAAAGTCTCTCGAAAAGAGAAGAGGAATTTCCCCCTGATCCTGGAGTCGCCCAGCCCCAACCAGACCTCTCTGTACTTCTGTGCCAGCAGTTCGTTGAACACTGAAGCTTTCTTTGGACAAGGCACCAGACTCACAGTTGTAGAGGACCTGAACAAGGTGTTCCCACCCGAGGTCGCTGTGTTTGAGCCATCAGAAGCAGAGATCTCCCACACCCAAAAGGCCACACTGGTGTGCCTGGCCACAGGCTTCTTCCCTGACCACGTGGAGCTGAGCTGGTGGGTGAATGGGAAGGAGGTGCACAGTGGGGTCAGCACGGACCCGCAGCCCCTCAAGGAGCAGCCCGCCCTCAATGACTCCAGATACTGCCTGAGCAGCCGCCTGAGGGTCTCGGCCACCTTCTGGCAGAACCCCCGCAACCACTTCCGCTGTCAAGTCCAGTTCTACGGGCTCTCGGAGAATGACGAGTGGACCCAGGATAGGGCCAAACCCGTCACCCAGATC		TRAV26-1*01		TRBV27*01		0.0		0.0		True	TCR	TRA+TRB	single pair	TSP2_BM_vertebralbody_SS2_B113709_B134460_Immune_C6_S54	TSP2	Bone_Marrow	vertebralbody	smartseq2	cd8-positive, alpha-beta t cell	CD8 t cell	cd8-positive, alpha-beta t cell	1.0	True									2.0	TSP2_BM_vertebralbody_SS2_B113709_B134460_Immune_C6_S54	57987.0	1005	4532	1
993	0	TRB	CASSSLNTEAFF	TRBV27*01	TRBJ1-1*01	HomoSapiens	HLA-A*02	B2M	MHCI	GLCTLVAML	BMLF1	EBV	PMID:29483360	"{""frequency"": ""0.99%"", ""identification"": ""tetramer-sort"", ""sequencing"": ""amplicon-seq"", ""singlecell"": """", ""verification"": """"}"	"{""cell.subset"": """", ""clone.id"": """", ""donor.MHC"": """", ""donor.MHC.method"": """", ""epitope.id"": """", ""replica.id"": ""Optimised"", ""samples.found"": 1, ""structure.id"": """", ""studies.found"": 1, ""study.id"": """", ""subject.cohort"": """", ""subject.id"": ""Donor0439"", ""tissue"": """"}"	"{""cdr3"": ""CASSSLNTEAFF"", ""cdr3_old"": ""CASSSLNTEAFF"", ""fixNeeded"": false, ""good"": true, ""jCanonical"": true, ""jFixType"": ""NoFixNeeded"", ""jId"": ""TRBJ1-1*01"", ""jStart"": 6, ""vCanonical"": true, ""vEnd"": 4, ""vFixType"": ""NoFixNeeded"", ""vId"": ""TRBV27*01""}"	0	False	[]													TRAJ24*02		TRBJ1-1*01		TGCATCGTCAGAGTCGGGGGTGACAGCTGGGGGAAATTGCAGTTT		TGTGCCAGCAGTTCACTTAACACTGAAGCTTTCTTT		CIVRVGGDSWGKLQF		CASSSLNTEAFF		TRA		TRB		True	None	True	None	GATGCTAAGACCACCCAGCCCCCCTCCATGGATTGCGCTGAAGGAAGAGCTGCAAACCTGCCTTGTAATCACTCTACCATCAGTGGAAATGAGTATGTGTATTGGTATCGACAGATTCACTCCCAGGGGCCACAGTATATCATTCATGGTCTAAAAAACAATGAAACCAATGAAATGGCCTCTCTGATCATCACAGAAGACAGAAAGTCCAGCACCTTGATCCTGCCCCACGCTACGCTGAGAGACACTGCTGTGTACTATTGCATCGTCAGAGTCGGGGGTGACAGCTGGGGGAAATTGCAGTTTGGAGCAGGGACCCAGGTTGTGGTCACCCCAGATATCCAGAACCCTGACCCTGCCGTGTACCAGCTGAGAGACTCTAAATCCAGTGACAAGTCTGTCTGCCTATTCACCGATTTTGATTCTCAAACAAATGTGTCACAAAGTAAGGATTCTGATGTGTATATCACAGACAAAACTGTGCTAGACATGAGGTCTATGGACTTCAAGAGCAACAGTGCTGTGGCCTGGAGCAACAAATCTGACTTTGCATGTGCAAACGCCTTCAACAACAGCATTATTCCAGAAGACACCTTCTTCCCCAGCCCAGAAAGTTCCTGTGATGTCAAGCTGGTCGAGAAAAGCTTTGAAACAGATACGAACCTAAACTTTCAAAACCTGTCAGTGATTGGGTTCCGAATCCTCCTCCTGAAAGTGGCCGGGTTTAATCTGCTCATGACGCTGCGGCTGTGGTCCAGCTGA		GAAGCCCAAGTGACCCAGAACCCAAGATACCTCATCACAGTGACTGGAAAGAAGTTAACAGTGACTTGTTCTCAGAATATGAACCATGAGTATATGTCCTGGTATCGACAAGACCCAGGGCTGGGCTTAAGGCAGATCTACTATTCAATGAATGTTGAGGTGACTGATAAGGGAGATGTTCCTGAAGGGTACAAAGTCTCTCGAAAAGAGAAGAGGAATTTCCCCCTGATCCTGGAGTCGCCCAGCCCCAACCAGACCTCTCTGTACTTCTGTGCCAGCAGTTCACTTAACACTGAAGCTTTCTTTGGACAAGGCACCAGACTCACAGTTGTAGAGGACCTGAACAAGGTGTTCCCACCCGAGGTCGCTGTGTTTGAGCCATCAGAAGCAGAGATCTCCCACACCCAAAAGGCCACACTGGTGTGCCTGGCCACAGGCTTCTTCCCTGACCACGTGGAGCTGAGCTGGTGGGTGAATGGGAAGGAGGTGCACAGTGGGGTCAGCACGGACCCGCAGCCCCTCAAGGAGCAGCCCGCCCTCAATGACTCCAGATACTGCCTGAGCAGCCGCCTGAGGGTCTCGGCCACCTTCTGGCAGAACCCCCGCAACCACTTCCGCTGTCAAGTCCAGTTCTACGGGCTCTCGGAGAATGACGAGTGGACCCAGGATAGGGCCAAACCCGTCACCCAGATC		TRAV26-1*01		TRBV27*01		0.0		0.0		True	TCR	TRA+TRB	single pair	TSP2_LymphNode_Inguinal_SS2_B114663_B133051_ImmuneLinPos_M14_S170	TSP2	Lymph_Node		smartseq2	cd8-positive, alpha-beta memory t cell	cd8-positive, alpha-beta memory t cell	cd8-positive, alpha-beta memory t cell	1.0	True									2.0	TSP2_LymphNode_Inguinal_SS2_B114663_B133051_ImmuneLinPos_M14_S170	136068.0	1257	5188	1
998	0	TRB	CASSTGNYGYTF	TRBV19*01	TRBJ1-2*01	HomoSapiens	HLA-A*02:01	B2M	MHCI	GILGFVFTL	M	InfluenzaA	PMID:28250417	"{""frequency"": ""6.15%"", ""identification"": ""tetramer-sort"", ""sequencing"": ""amplicon-seq"", ""singlecell"": """", ""verification"": """"}"	"{""cell.subset"": ""CD8+"", ""clone.id"": """", ""donor.MHC"": """", ""donor.MHC.method"": """", ""epitope.id"": ""A2-M1"", ""replica.id"": """", ""samples.found"": 1, ""structure.id"": """", ""studies.found"": 1, ""study.id"": """", ""subject.cohort"": """", ""subject.id"": ""264"", ""tissue"": ""PBMC""}"	"{""cdr3"": ""CASSTGNYGYTF"", ""cdr3_old"": ""CASSTGNYGYTF"", ""fixNeeded"": false, ""good"": true, ""jCanonical"": true, ""jFixType"": ""NoFixNeeded"", ""jId"": ""TRBJ1-2*01"", ""jStart"": 6, ""vCanonical"": true, ""vEnd"": 4, ""vFixType"": ""NoFixNeeded"", ""vId"": ""TRBV19*01""}"	1	False	[]													TRAJ52*01		TRBJ1-2*01		TGTGCTCTGAGTTTTATTGCTGGTGGTACTAGCTATGGAAAGCTGACATTT		TGTGCCAGTAGTACCGGAAACTATGGCTACACCTTC		CALSFIAGGTSYGKLTF		CASSTGNYGYTF		TRA		TRB		True	None	True	None	TGGGGAACACACTAAAGATGAACTATTCTCCAGGCTTAGTATCTCTGATACTCTTACTGCTTGGAAGAACCCGTGGAAATTCAGTGACCCAGATGGAAGGGCCAGTGACTCTCTCAGAAGAGGCCTTCCTGACTATAAACTGCACGTACACAGCCACAGGATACCCTTCCCTTTTCTGGTATGTCCAATATCCTGGAGAAGGTCTACAGCTCCTCCTGAAAGCCACGAAGGCTGATGACAAGGGAAGCAACAAAGGTTTTGAAGCCACATACCGTAAAGAAACCACTTCTTTCCACTTGGAGAAAGGCTCAGTTCAAGTGTCAGACTCAGCGGTGTACTTCTGTGCTCTGAGTTTTATTGCTGGTGGTACTAGCTATGGAAAGCTGACATTTGGACAAGGGACCATCTTGACTGTCCATCCAAATATCCAGAACCCTGACCCTGCCGTGTACCAGCTGAGAGACT		TGGGGGTCCTGTCTCCTCATCTGCAAAATTAGGAAGCCTGTCTTGATTATCTCCAGGAACCTCCCACCTCTTCATTCCAGCCTCTGACAAACTCTGCACATTAGGCCAGGAGAAGCCCCCGAGCCAAGTCTCTTTTCTCATTCTCTTCCAACAAGTGCTTGGAGCTCCAAGAAGGCCCCCTTTGCACTATGAGCAACCAGGTGCTCTGCTGTGTGGTCCTTTGTCTCCTGGGAGCAAACACCGTGGATGGTGGAATCACTCAGTCCCCAAAGTACCTGTTCAGAAAGGAAGGACAGAATGTGACCCTGAGTTGTGAACAGAATTTGAACCACGATGCCATGTACTGGTACCGACAGGACCCAGGGCAAGGGCTGAGATTGATCTACTACTCACAGATAGTAAATGACTTTCAGAAAGGAGATATAGCTGAAGGGTACAGCGTCTCTCGGGAGAAGAAGGAATCCTTTCCTCTCACTGTGACATCGGCCCAAAAGAACCCGACAGCTTTCTATCTCTGTGCCAGTAGTACCGGAAACTATGGCTACACCTTCGGTTCGGGGACCAGGTTAACCGTTGTAGAGGACCTGAACAAGGTGTTCCCACCCGAGGTCGCTGTGTTTGAGCCATCAGA		TRAV9-2*01		TRBV19*01		0.0		0.0		True	TCR	TRA+TRB	single pair	CTCTGGTTCAGCTGGC_TSP2_Blood_NA_10X_1_4_5prime	TSP2	Blood		10X	cd4-positive, alpha-beta t cell	CD4 t cell	cd4-positive helper t cell	1.0	True				CTCTGGTTCAGCTGGC_TSP2_Blood_NA_10X_1_4_5prime				5prime	2.0	CTCTGGTTCAGCTGGC_TSP2_Blood_NA_10X_1_4_5prime	3313.0	1226	263	1
1008	4963	TRB	CASSPSSYEQYF	TRBV7-2*01	TRBJ2-7*01	HomoSapiens	HLA-A*11:01	B2M	MHCI	AVFDRKSDAK	EBNA4	EBV	https://www.10xgenomics.com/resources/application-notes/a-new-way-of-exploring-immunity-linking-highly-multiplexed-antigen-recognition-to-immune-repertoire-and-phenotype/#	"{""frequency"": ""1/11684"", ""identification"": ""dextramer-sort"", ""sequencing"": ""rna-seq"", ""singlecell"": ""yes"", ""verification"": """"}"	"{""cell.subset"": """", ""clone.id"": """", ""donor.MHC"": """", ""donor.MHC.method"": """", ""epitope.id"": """", ""replica.id"": """", ""samples.found"": 1, ""structure.id"": """", ""studies.found"": 1, ""study.id"": """", ""subject.cohort"": """", ""subject.id"": ""1"", ""tissue"": """"}"	"{""cdr3"": ""CASSPSSYEQYF"", ""cdr3_old"": ""CASSPSSYEQYF"", ""fixNeeded"": false, ""good"": true, ""jCanonical"": true, ""jFixType"": ""NoFixNeeded"", ""jId"": ""TRBJ2-7*01"", ""jStart"": 6, ""vCanonical"": true, ""vEnd"": 4, ""vFixType"": ""NoFixNeeded"", ""vId"": ""TRBV7-2*01""}"	0	False	[]													TRAJ40*01	TRAJ15*01	TRBJ2-7*01		TGTGCTGTGGACCCCGATACCTCAGGAACCTACAAATACATCTTT	TGTGCAGCAAGCAACCAGGCAGGAACTGCTCTGATCTTT	TGTGCCAGCAGCCCGAGCTCCTACGAGCAGTACTTC		CAVDPDTSGTYKYIF	CAASNQAGTALIF	CASSPSSYEQYF		TRA	TRA	TRB		True	True	True	None	GGAATACAAGTGGAGCAGAGTCCTCCAGACCTGATTCTCCAGGAGGGAGCCAATTCCACGCTGCGGTGCAATTTTTCTGACTCTGTGAACAATTTGCAGTGGTTTCATCAAAACCCTTGGGGACAGCTCATCAACCTGTTTTACATTCCCTCAGGGACAAAACAGAATGGAAGATTAAGCGCCACGACTGTCGCTACGGAACGCTACAGCTTATTGTACATTTCCTCTTCCCAGACCACAGACTCAGGCGTTTATTTCTGTGCTGTGGACCCCGATACCTCAGGAACCTACAAATACATCTTTGGAACAGGCACCAGGCTGAAGGTTTTAGCAAATATCCAGAACCCTGACCCTGCCGTGTACCAGCTGAGAGACTCTAAATCCAGTGACAAGTCTGTCTGCCTATTCACCGATTTTGATTCTCAAACAAATGTGTCACAAAGTAAGGATTCTGATGTGTATATCACAGACAAAACTGTGCTAGACATGAGGTCTATGGACTTCAAGAGCAACAGTGCTGTGGCCTGGAGCAACAAATCTGACTTTGCATGTGCAAACGCCTTCAACAACAGCATTATTCCAGAAGACACCTTCTTCCCCAGCCCAGAAAGTTCCTGTGATGTCAAGCTGGTCGAGAAAAGCTTTGAAACAGATACGAACCTAAACTTTCAAAACCTGTCAGTGATTGGGTTCCGAATCCTCCTCCTGAAAGTGGCCGGGTTTAATCTGCTCATGACGCTGCGGCTGTGGTCCAGCTGA	CAGCAGCAGGTGAAACAAAGTCCTCAATCTTTGATAGTCCAGAAAGGAGGGATTTCAATTATAAACTGTGCTTATGAGAACACTGCGTTTGACTACTTTCCATGGTACCAACAATTCCCTGGGAAAGGCCCTGCATTATTGATAGCCATACGTCCAGATGTGAGTGAAAAGAAAGAAGGAAGATTCACAATCTCCTTCAATAAAAGTGCCAAGCAGTTCTCATTGCATATCATGGATTCCCAGCCTGGAGACTCAGCCACCTACTTCTGTGCAGCAAGCAACCAGGCAGGAACTGCTCTGATCTTTGGGAAGGGAACCACCTTATCAGTGAGTTCCAATATCCAGAACCCTGACCCTGCCGTGTACCAGCTGAGAGACTCTAAATCCAGTGACAAGTCTGTCTGCCTATTCACCGATTTTGATTCTCAAACAAATGTGTCACAAAGTAAGGATTCTGATGTGTATATCACAGACAAAACTGTGCTAGACATGAGGTCTATGGACTTCAAGAGCAACAGTGCTGTGGCCTGGAGCAACAAATCTGACTTTGCATGTGCAAACGCCTTCAACAACAGCATTATTCCAGAAGACACCTTCTTCCCCAGCCCAGAAAGTTCCTGTGATGTCAAGCTGGTCGAGAAAAGCTTTGAAACAGATACGAACCTAAACTTTCAAAACCTGTCAGTGATTGGGTTCCGAATCCTCCTCCTGAAAGTGGCCGGGTTTAATCTGCTCATGACGCTGCGGCTGTGGTCCAGCTGA	GGAGCTGGAGTCTCCCAGTCCCCCAGTAACAAGGTCACAGAGAAGGGAAAGGATGTAGAGCTCAGGTGTGATCCAATTTCAGGTCATACTGCCCTTTACTGGTACCGACAGAGCCTGGGGCAGGGCCTGGAGTTTTTAATTTACTTCCAAGGCAACAGTGCACCAGACAAATCAGGGCTGCCCAGTGATCGCTTCTCTGCAGAGAGGACTGGGGGATCCGTCTCCACTCTGACGATCCAGCGCACACAGCAGGAGGACTCGGCCGTGTATCTCTGTGCCAGCAGCCCGAGCTCCTACGAGCAGTACTTCGGGCCGGGCACCAGGCTCACGGTCACAGAGGACCTGAACAAGGTGTTCCCACCCGAGGTCGCTGTGTTTGAGCCATCAGAAGCAGAGATCTCCCACACCCAAAAGGCCACACTGGTGTGCCTGGCCACAGGCTTCTTCCCTGACCACGTGGAGCTGAGCTGGTGGGTGAATGGGAAGGAGGTGCACAGTGGGGTCAGCACGGACCCGCAGCCCCTCAAGGAGCAGCCCGCCCTCAATGACTCCAGATACTGCCTGAGCAGCCGCCTGAGGGTCTCGGCCACCTTCTGGCAGAACCCCCGCAACCACTTCCGCTGTCAAGTCCAGTTCTACGGGCTCTCGGAGAATGACGAGTGGACCCAGGATAGGGCCAAACCCGTCACCCAGATC		TRAV22*01	TRAV23/DV6*01	TRBV7-2*01		0.0	0.0	0.0		True	TCR	TRA+TRB	extra VJ	TSP7_Tongue_posterior_SS2_B134164_B133901_Immune_F23_S143	TSP7	Tongue	posterior	smartseq2	immune cell	Immune_notvalidated	cd8-positive, alpha-beta memory t cell	28.57	True					B134164	B133901	F23	Immune		TSP7_Tongue_posterior_SS2_B134164_B133901_Immune_F23_S143	345726.0	1693	3070	1
1014	5180	TRB	CASSVEGGNTEAFF	TRBV9*01	TRBJ1-1*01	HomoSapiens	HLA-A*03:01	B2M	MHCI	KLGGALQAK	IE1	CMV	https://www.10xgenomics.com/resources/application-notes/a-new-way-of-exploring-immunity-linking-highly-multiplexed-antigen-recognition-to-immune-repertoire-and-phenotype/#	"{""frequency"": ""1/33921"", ""identification"": ""dextramer-sort"", ""sequencing"": ""rna-seq"", ""singlecell"": ""yes"", ""verification"": """"}"	"{""cell.subset"": """", ""clone.id"": """", ""donor.MHC"": """", ""donor.MHC.method"": """", ""epitope.id"": """", ""replica.id"": """", ""samples.found"": 1, ""structure.id"": """", ""studies.found"": 1, ""study.id"": """", ""subject.cohort"": """", ""subject.id"": ""2"", ""tissue"": """"}"	"{""cdr3"": ""CASSVEGGNTEAFF"", ""cdr3_old"": ""CASSVEGGNTEAFF"", ""fixNeeded"": false, ""good"": true, ""jCanonical"": true, ""jFixType"": ""NoFixNeeded"", ""jId"": ""TRBJ1-1*01"", ""jStart"": 8, ""vCanonical"": true, ""vEnd"": 5, ""vFixType"": ""NoFixNeeded"", ""vId"": ""TRBV9*01""}"	0	False	[]							TRBD1*01						TRAJ52*01		TRBJ1-1*01		TGTGCAATGAGCGGTAGAGCTGGTGGTACTAGCTATGGAAAGCTGACATTT		TGTGCCAGCAGCGTAGAAGGGGGTAACACTGAAGCTTTCTTT		CAMSGRAGGTSYGKLTF		CASSVEGGNTEAFF		TRA		TRB		True	None	True	None	TATGGGGAAACGTTTGTTATTATTTTTTTTTCGTGTTTAAGGTTTGAATCCTCAGTGAACCAGGGCAGAAAAGAATGATGAAATCCTTGAGAGTTTTACTGGTGATCCTGTGGCTTCAGTTAAGCTGGGTTTGGAGCCAACAGAAGGAGGTGGAGCAGGATCCTGGACCACTCAGTGTTCCAGAGGGAGCCATTGTTTCTCTCAACTGCACTTACAGCAACAGTGCTTTTCAATACTTCATGTGGTACAGACAGTATTCCAGAAAAGGCCCTGAGTTGCTGATGTACACATACTCCAGTGGTAACAAAGAAGATGGAAGGTTTACAGCACAGGTCGATAAATCCAGCAAGTATATCTCCTTGTTCATCAGAGACTCACAGCCCAGTGATTCAGCCACCTACCTCTGTGCAATGAGCGGTAGAGCTGGTGGTACTAGCTATGGAAAGCTGACATTTGGACAAGGGACCATCTTGACTGTCCATCCAAATATCCAGAACCCTGACCCTGCCGTGTACCAGCTGAGAGACT		TGGGGGTTCAGTCCTCCTCACCTTTAGCTTCTGGCCTGTGCAAGACAGGAATAGTACATGGAGTAGCAGAACCTGAGGCCTGCCAAAGAGTACAGTGGGCTGGAGTGGCCTGCAGGGGAAAGTATGTCAGTGTGGTGACATCACAGGTCAATGCTCCTATCAGGAAGAAGGGAGCTTAGGAACTTCAGAATGCTTACTACAGAGACACCAGCCCCAAGCTAGGAGATCCTGCCATGGGCTTCAGGCTCCTCTGCTGTGTGGCCTTTTGTCTCCTGGGAGCAGGCCCAGTGGATTCTGGAGTCACACAAACCCCAAAGCACCTGATCACAGCAACTGGACAGCGAGTGACGCTGAGATGCTCCCCTAGGTCTGGAGACCTCTCTGTGTACTGGTACCAACAGAGCCTGGACCAGGGCCTCCAGTTCCTCATTCAGTATTATAATGGAGAAGAGAGAGCAAAAGGAAACATTCTTGAACGATTCTCCGCACAACAGTTCCCTGACTTGCACTCTGAACTAAACCTGAGCTCTCTGGAGCTGGGGGACTCAGCTTTGTATTTCTGTGCCAGCAGCGTAGAAGGGGGTAACACTGAAGCTTTCTTTGGACAAGGCACCAGACTCACAGTTGTAGAGGACCTGAACAAGGTGTTCCCACCCGAGGTCGCTGTGTTTGAGCCATCAGA		TRAV12-3*01		TRBV9*01		0.0		0.0		True	TCR	TRA+TRB	single pair	TGGCTGGTCAATCTCT_TSP2_Thymus_NA_10X_1_4_5prime	TSP2	Thymus		10X	thymocyte	thymocyte	thymocyte	1.0	True				TGGCTGGTCAATCTCT_TSP2_Thymus_NA_10X_1_4_5prime				5prime	2.0	TGGCTGGTCAATCTCT_TSP2_Thymus_NA_10X_1_4_5prime	2623.0	1189	969	1
1016	6822	TRB	CASSPGQGEGYEQYF	TRBV4-1*01	TRBJ2-7*01	HomoSapiens	HLA-B*08:01	B2M	MHCI	RAKFKQLL	BZLF1	EBV	https://www.10xgenomics.com/resources/application-notes/a-new-way-of-exploring-immunity-linking-highly-multiplexed-antigen-recognition-to-immune-repertoire-and-phenotype/#	"{""frequency"": ""1/33921"", ""identification"": ""dextramer-sort"", ""sequencing"": ""rna-seq"", ""singlecell"": ""yes"", ""verification"": """"}"	"{""cell.subset"": """", ""clone.id"": """", ""donor.MHC"": """", ""donor.MHC.method"": """", ""epitope.id"": """", ""replica.id"": """", ""samples.found"": 1, ""structure.id"": """", ""studies.found"": 1, ""study.id"": """", ""subject.cohort"": """", ""subject.id"": ""2"", ""tissue"": """"}"	"{""cdr3"": ""CASSPGQGEGYEQYF"", ""cdr3_old"": ""CASSPGQGEGYEQYF"", ""fixNeeded"": false, ""good"": true, ""jCanonical"": true, ""jFixType"": ""NoFixNeeded"", ""jId"": ""TRBJ2-7*01"", ""jStart"": 10, ""vCanonical"": true, ""vEnd"": 4, ""vFixType"": ""NoFixNeeded"", ""vId"": ""TRBV4-1*01""}"	0	False	[]							TRBD1*01								TRBJ2-7*01				TGCGCCAGCAGCCCGGGACAGGGAGAAGGCTACGAGCAGTACTTC				CASSPGQGEGYEQYF				TRB		None	None	True	None			GACACTGAAGTTACCCAGACACCAAAACACCTGGTCATGGGAATGACAAATAAGAAGTCTTTGAAATGTGAACAACATATGGGGCACAGGGCTATGTATTGGTACAAGCAGAAAGCTAAGAAGCCACCGGAGCTCATGTTTGTCTACAGCTATGAGAAACTCTCTATAAATGAAAGTGTGCCAAGTCGCTTCTCACCTGAATGCCCCAACAGCTCTCTCTTAAACCTTCACCTACACGCCCTGCAGCCAGAAGACTCAGCCCTGTATCTCTGCGCCAGCAGCCCGGGACAGGGAGAAGGCTACGAGCAGTACTTCGGGCCGGGCACCAGGCTCACGGTCACAGAGGACCTGAACAAGGTGTTCCCACCCGAGGTCGCTGTGTTTGAGCCATCAGAAGCAGAGATCTCCCACACCCAAAAGGCCACACTGGTGTGCCTGGCCACAGGCTTCTTCCCTGACCACGTGGAGCTGAGCTGGTGGGTGAATGGGAAGGAGGTGCACAGTGGGGTCAGCACGGACCCGCAGCCCCTCAAGGAGCAGCCCGCCCTCAATGACTCCAGATACTGCCTGAGCAGCCGCCTGAGGGTCTCGGCCACCTTCTGGCAGAACCCCCGCAACCACTTCCGCTGTCAAGTCCAGTTCTACGGGCTCTCGGAGAATGACGAGTGGACCCAGGATAGGGCCAAACCCGTCACCCAGATC				TRBV4-1*01				0.0		True	TCR	TRA+TRB	orphan VDJ	TSP2_Kidney_NA_SS2_B114662_B104860_TubularEpithelial_E1_S97	TSP2	Kidney		smartseq2	cd8-positive, alpha-beta t cell	cd8-positive, alpha-beta t cell	cd8-positive, alpha-beta t cell	0.86	True									2.0	TSP2_Kidney_NA_SS2_B114662_B104860_TubularEpithelial_E1_S97	551825.0	1702	4892	2
1017	6822	TRB	CASSPGQGEGYEQYF	TRBV4-1*01	TRBJ2-7*01	HomoSapiens	HLA-B*08:01	B2M	MHCI	RAKFKQLL	BZLF1	EBV	https://www.10xgenomics.com/resources/application-notes/a-new-way-of-exploring-immunity-linking-highly-multiplexed-antigen-recognition-to-immune-repertoire-and-phenotype/#	"{""frequency"": ""1/33921"", ""identification"": ""dextramer-sort"", ""sequencing"": ""rna-seq"", ""singlecell"": ""yes"", ""verification"": """"}"	"{""cell.subset"": """", ""clone.id"": """", ""donor.MHC"": """", ""donor.MHC.method"": """", ""epitope.id"": """", ""replica.id"": """", ""samples.found"": 1, ""structure.id"": """", ""studies.found"": 1, ""study.id"": """", ""subject.cohort"": """", ""subject.id"": ""2"", ""tissue"": """"}"	"{""cdr3"": ""CASSPGQGEGYEQYF"", ""cdr3_old"": ""CASSPGQGEGYEQYF"", ""fixNeeded"": false, ""good"": true, ""jCanonical"": true, ""jFixType"": ""NoFixNeeded"", ""jId"": ""TRBJ2-7*01"", ""jStart"": 10, ""vCanonical"": true, ""vEnd"": 4, ""vFixType"": ""NoFixNeeded"", ""vId"": ""TRBV4-1*01""}"	0	False	[]							TRBD1*01								TRBJ2-7*01				TGCGCCAGCAGCCCGGGACAGGGAGAAGGCTACGAGCAGTACTTC				CASSPGQGEGYEQYF				TRB		None	None	True	None			GACACTGAAGTTACCCAGACACCAAAACACCTGGTCATGGGAATGACAAATAAGAAGTCTTTGAAATGTGAACAACATATGGGGCACAGGGCTATGTATTGGTACAAGCAGAAAGCTAAGAAGCCACCGGAGCTCATGTTTGTCTACAGCTATGAGAAACTCTCTATAAATGAAAGTGTGCCAAGTCGCTTCTCACCTGAATGCCCCAACAGCTCTCTCTTAAACCTTCACCTACACGCCCTGCAGCCAGAAGACTCAGCCCTGTATCTCTGCGCCAGCAGCCCGGGACAGGGAGAAGGCTACGAGCAGTACTTCGGGCCGGGCACCAGGCTCACGGTCACAGAGGACCTGAACAAGGTGTTCCCACCCGAGGTCGCTGTGTTTGAGCCATCAGAAGCAGAGATCTCCCACACCCAAAAGGCCACACTGGTGTGCCTGGCCACAGGCTTCTTCCCTGACCACGTGGAGCTGAGCTGGTGGGTGAATGGGAAGGAGGTGCACAGTGGGGTCAGCACGGACCCGCAGCCCCTCAAGGAGCAGCCCGCCCTCAATGACTCCAGATACTGCCTGAGCAGCCGCCTGAGGGTCTCGGCCACCTTCTGGCAGAACCCCCGCAACCACTTCCGCTGTCAAGTCCAGTTCTACGGGCTCTCGGAGAATGACGAGTGGACCCAGGATAGGGCCAAACCCGTCACCCAGATC				TRBV4-1*01				0.0		True	TCR	TRA+TRB	orphan VDJ	TSP2_Muscle_diaphragm_SS2_B114580_B104855_Immune_P16_S376	TSP2	Muscle		smartseq2	cd8-positive, alpha-beta t cell	cd8-positive, alpha-beta t cell	cd8-positive, alpha-beta t cell	0.57	True									2.0	TSP2_Muscle_diaphragm_SS2_B114580_B104855_Immune_P16_S376	321188.0	913	4892	2
1018	6822	TRB	CASSPGQGEGYEQYF	TRBV4-1*01	TRBJ2-7*01	HomoSapiens	HLA-B*08:01	B2M	MHCI	RAKFKQLL	BZLF1	EBV	https://www.10xgenomics.com/resources/application-notes/a-new-way-of-exploring-immunity-linking-highly-multiplexed-antigen-recognition-to-immune-repertoire-and-phenotype/#	"{""frequency"": ""1/33921"", ""identification"": ""dextramer-sort"", ""sequencing"": ""rna-seq"", ""singlecell"": ""yes"", ""verification"": """"}"	"{""cell.subset"": """", ""clone.id"": """", ""donor.MHC"": """", ""donor.MHC.method"": """", ""epitope.id"": """", ""replica.id"": """", ""samples.found"": 1, ""structure.id"": """", ""studies.found"": 1, ""study.id"": """", ""subject.cohort"": """", ""subject.id"": ""2"", ""tissue"": """"}"	"{""cdr3"": ""CASSPGQGEGYEQYF"", ""cdr3_old"": ""CASSPGQGEGYEQYF"", ""fixNeeded"": false, ""good"": true, ""jCanonical"": true, ""jFixType"": ""NoFixNeeded"", ""jId"": ""TRBJ2-7*01"", ""jStart"": 10, ""vCanonical"": true, ""vEnd"": 4, ""vFixType"": ""NoFixNeeded"", ""vId"": ""TRBV4-1*01""}"	0	False	[]							TRBD1*01						TRAJ8*01		TRBJ2-7*01		TGCGGCACAGAGATGAACACAGGCTTTCAGAAACTTGTATTT		TGCGCCAGCAGCCCGGGACAGGGAGAAGGCTACGAGCAGTACTTC		CGTEMNTGFQKLVF		CASSPGQGEGYEQYF		TRA		TRB		True	None	True	None	CAACAACCAGTGCAGAGTCCTCAAGCCGTGATCCTCCGAGAAGGGGAAGATGCTGTCATCAACTGCAGTTCCTCCAAGGCTTTATATTCTGTACACTGGTACAGGCAGAAGCATGGTGAAGCACCCGTCTTCCTGATGATATTACTGAAGGGTGGAGAACAGAAGGGTCATGAAAAAATATCTGCTTCATTTAATGAAAAAAAGCAGCAAAGCTCCCTGTACCTTACGGCCTCCCAGCTCAGTTACTCAGGAACCTACTTCTGCGGCACAGAGATGAACACAGGCTTTCAGAAACTTGTATTTGGAACTGGCACCCGACTTCTGGTCAGTCCAAATATCCAGAACCCTGACCCTGCCGTGTACCAGCTGAGAGACTCTAAATCCAGTGACAAGTCTGTCTGCCTATTCACCGATTTTGATTCTCAAACAAATGTGTCACAAAGTAAGGATTCTGATGTGTATATCACAGACAAAACTGTGCTAGACATGAGGTCTATGGACTTCAAGAGCAACAGTGCTGTGGCCTGGAGCAACAAATCTGACTTTGCATGTGCAAACGCCTTCAACAACAGCATTATTCCAGAAGACACCTTCTTCCCCAGCCCAGAAAGTTCCTGTGATGTCAAGCTGGTCGAGAAAAGCTTTGAAACAGATACGAACCTAAACTTTCAAAACCTGTCAGTGATTGGGTTCCGAATCCTCCTCCTGAAAGTGGCCGGGTTTAATCTGCTCATGACGCTGCGGCTGTGGTCCAGCTGA		GACACTGAAGTTACCCAGACACCAAAACACCTGGTCATGGGAATGACAAATAAGAAGTCTTTGAAATGTGAACAACATATGGGGCACAGGGCTATGTATTGGTACAAGCAGAAAGCTAAGAAGCCACCGGAGCTCATGTTTGTCTACAGCTATGAGAAACTCTCTATAAATGAAAGTGTGCCAAGTCGCTTCTCACCTGAATGCCCCAACAGCTCTCTCTTAAACCTTCACCTACACGCCCTGCAGCCAGAAGACTCAGCCCTGTATCTCTGCGCCAGCAGCCCGGGACAGGGAGAAGGCTACGAGCAGTACTTCGGGCCGGGCACCAGGCTCACGGTCACAGAGGACCTGAACAAGGTGTTCCCACCCGAGGTCGCTGTGTTTGAGCCATCAGAAGCAGAGATCTCCCACACCCAAAAGGCCACACTGGTGTGCCTGGCCACAGGCTTCTTCCCTGACCACGTGGAGCTGAGCTGGTGGGTGAATGGGAAGGAGGTGCACAGTGGGGTCAGCACGGACCCGCAGCCCCTCAAGGAGCAGCCCGCCCTCAATGACTCCAGATACTGCCTGAGCAGCCGCCTGAGGGTCTCGGCCACCTTCTGGCAGAACCCCCGCAACCACTTCCGCTGTCAAGTCCAGTTCTACGGGCTCTCGGAGAATGACGAGTGGACCCAGGATAGGGCCAAACCCGTCACCCAGATC		TRAV30*01		TRBV4-1*01		0.0		0.0		True	TCR	TRA+TRB	single pair	TSP2_BM_vertebralbody_SS2_B113698_B133341_Immune_B8_S32	TSP2	Bone_Marrow	vertebralbody	smartseq2	cd4-positive, alpha-beta t cell	CD4 t cell	cd8-positive, alpha-beta t cell	1.0	True									2.0	TSP2_BM_vertebralbody_SS2_B113698_B133341_Immune_B8_S32	463838.0	1230	5122	1
1021	9211	TRB	CASSQDRGGGTDTQYF	TRBV4-2*01	TRBJ2-3*01	HomoSapiens	HLA-A*03:01	B2M	MHCI	KLGGALQAK	IE1	CMV	https://www.10xgenomics.com/resources/application-notes/a-new-way-of-exploring-immunity-linking-highly-multiplexed-antigen-recognition-to-immune-repertoire-and-phenotype/#	"{""frequency"": ""1/33921"", ""identification"": ""dextramer-sort"", ""sequencing"": ""rna-seq"", ""singlecell"": ""yes"", ""verification"": """"}"	"{""cell.subset"": """", ""clone.id"": """", ""donor.MHC"": """", ""donor.MHC.method"": """", ""epitope.id"": """", ""replica.id"": """", ""samples.found"": 1, ""structure.id"": """", ""studies.found"": 1, ""study.id"": """", ""subject.cohort"": """", ""subject.id"": ""2"", ""tissue"": """"}"	"{""cdr3"": ""CASSQDRGGGTDTQYF"", ""cdr3_old"": ""CASSQDRGGGTDTQYF"", ""fixNeeded"": false, ""good"": true, ""jCanonical"": true, ""jFixType"": ""NoFixNeeded"", ""jId"": ""TRBJ2-3*01"", ""jStart"": 10, ""vCanonical"": true, ""vEnd"": 5, ""vFixType"": ""NoFixNeeded"", ""vId"": ""TRBV4-2*01""}"	0	False	[]							TRBD1*01								TRBJ2-3*01				TGTGCCAGCAGCCAAGATAGGGGTGGTGGTACAGATACGCAGTATTTT				CASSQDRGGGTDTQYF				TRB		None	None	True	None			GAAACGGGAGTTACGCAGACACCAAGACACCTGGTCATGGGAATGACAAATAAGAAGTCTTTGAAATGTGAACAACATCTGGGGCATAACGCTATGTATTGGTACAAGCAAAGTGCTAAGAAGCCACTGGAGCTCATGTTTGTCTACAACTTTAAAGAACAGACTGAAAACAACAGTGTGCCAAGTCGCTTCTCACCTGAATGCCCCAACAGCTCTCACTTATTCCTTCACCTACACACCCTGCAGCCAGAAGACTCGGCCCTGTATCTCTGTGCCAGCAGCCAAGATAGGGGTGGTGGTACAGATACGCAGTATTTTGGCCCAGGCACCCGGCTGACAGTGCTCGAGGACCTGAACAAGGTGTTCCCACCCGAGGTCGCTGTGTTTGAGCCATCAGAAGCAGAGATCTCCCACACCCAAAAGGCCACACTGGTGTGCCTGGCCACAGGCTTCTTCCCTGACCACGTGGAGCTGAGCTGGTGGGTGAATGGGAAGGAGGTGCACAGTGGGGTCAGCACGGACCCGCAGCCCCTCAAGGAGCAGCCCGCCCTCAATGACTCCAGATACTGCCTGAGCAGCCGCCTGAGGGTCTCGGCCACCTTCTGGCAGAACCCCCGCAACCACTTCCGCTGTCAAGTCCAGTTCTACGGGCTCTCGGAGAATGACGAGTGGACCCAGGATAGGGCCAAACCCGTCACCCAGATC				TRBV4-2*01				0.0		True	TCR	TRA+TRB	orphan VDJ	TSP2_Spleen_NA_SS2_B114615_B133086_ImmuneLinNeg_P2_S86	TSP2	Spleen		smartseq2	cd8-positive, alpha-beta memory t cell	cd8-positive, alpha-beta memory t cell	cd8-positive, alpha-beta memory t cell	0.71	True									2.0	TSP2_Spleen_NA_SS2_B114615_B133086_ImmuneLinNeg_P2_S86	320622.0	1529	4740	1
1028	13790	TRB	CASSYGDTEAFF	TRBV6-5*01	TRBJ1-1*01	HomoSapiens	HLA-A*03:01	B2M	MHCI	KLGGALQAK	IE1	CMV	https://www.10xgenomics.com/resources/application-notes/a-new-way-of-exploring-immunity-linking-highly-multiplexed-antigen-recognition-to-immune-repertoire-and-phenotype/#	"{""frequency"": ""1/25584"", ""identification"": ""dextramer-sort"", ""sequencing"": ""rna-seq"", ""singlecell"": ""yes"", ""verification"": """"}"	"{""cell.subset"": """", ""clone.id"": """", ""donor.MHC"": """", ""donor.MHC.method"": """", ""epitope.id"": """", ""replica.id"": """", ""samples.found"": 1, ""structure.id"": """", ""studies.found"": 1, ""study.id"": """", ""subject.cohort"": """", ""subject.id"": ""3"", ""tissue"": """"}"	"{""cdr3"": ""CASSYGDTEAFF"", ""cdr3_old"": ""CASSYGDTEAFF"", ""fixNeeded"": false, ""good"": true, ""jCanonical"": true, ""jFixType"": ""NoFixNeeded"", ""jId"": ""TRBJ1-1*01"", ""jStart"": 7, ""vCanonical"": true, ""vEnd"": 5, ""vFixType"": ""NoFixNeeded"", ""vId"": ""TRBV6-5*01""}"	0	False	[]													TRAJ52*01		TRBJ1-1*01		TGTGCAGCCATTGGTGGTACTAGCTATGGAAAGCTGACATTT		TGTGCCAGCAGTTACGGAGACACTGAAGCTTTCTTT		CAAIGGTSYGKLTF		CASSYGDTEAFF		TRA		TRB		True	None	True	None	GACCAGCAAGTTAAGCAAAATTCACCATCCCTGAGCGTCCAGGAAGGAAGAATTTCTATTCTGAACTGTGACTATACTAACAGCATGTTTGATTATTTCCTATGGTACAAAAAATACCCTGCTGAAGGTCCTACATTCCTGATATCTATAAGTTCCATTAAGGATAAAAATGAAGATGGAAGATTCACTGTCTTCTTAAACAAAAGTGCCAAGCACCTCTCTCTGCACATTGTGCCCTCCCAGCCTGGAGACTCTGCAGTGTACTTCTGTGCAGCCATTGGTGGTACTAGCTATGGAAAGCTGACATTTGGACAAGGGACCATCTTGACTGTCCATCCAAATATCCAGAACCCTGACCCTGCCGTGTACCAGCTGAGAGACTCTAAATCCAGTGACAAGTCTGTCTGCCTATTCACCGATTTTGATTCTCAAACAAATGTGTCACAAAGTAAGGATTCTGATGTGTATATCACAGACAAAACTGTGCTAGACATGAGGTCTATGGACTTCAAGAGCAACAGTGCTGTGGCCTGGAGCAACAAATCTGACTTTGCATGTGCAAACGCCTTCAACAACAGCATTATTCCAGAAGACACCTTCTTCCCCAGCCCAGAAAGTTCCTGTGATGTCAAGCTGGTCGAGAAAAGCTTTGAAACAGATACGAACCTAAACTTTCAAAACCTGTCAGTGATTGGGTTCCGAATCCTCCTCCTGAAAGTGGCCGGGTTTAATCTGCTCATGACGCTGCGGCTGTGGTCCAGCTGA		AATGCTGGTGTCACTCAGACCCCAAAATTCCAGGTCCTGAAGACAGGACAGAGCATGACACTGCAGTGTGCCCAGGATATGAACCATGAATACATGTCCTGGTATCGACAAGACCCAGGCATGGGGCTGAGGCTGATTCATTACTCAGTTGGTGCTGGTATCACTGACCAAGGAGAAGTCCCCAATGGCTACAATGTCTCCAGATCAACCACAGAGGATTTCCCGCTCAGGCTGCTGTCGGCTGCTCCCTCCCAGACATCTGTGTACTTCTGTGCCAGCAGTTACGGAGACACTGAAGCTTTCTTTGGACAAGGCACCAGACTCACAGTTGTAGAGGACCTGAACAAGGTGTTCCCACCCGAGGTCGCTGTGTTTGAGCCATCAGAAGCAGAGATCTCCCACACCCAAAAGGCCACACTGGTGTGCCTGGCCACAGGCTTCTTCCCTGACCACGTGGAGCTGAGCTGGTGGGTGAATGGGAAGGAGGTGCACAGTGGGGTCAGCACGGACCCGCAGCCCCTCAAGGAGCAGCCCGCCCTCAATGACTCCAGATACTGCCTGAGCAGCCGCCTGAGGGTCTCGGCCACCTTCTGGCAGAACCCCCGCAACCACTTCCGCTGTCAAGTCCAGTTCTACGGGCTCTCGGAGAATGACGAGTGGACCCAGGATAGGGCCAAACCCGTCACCCAGATC		TRAV29/DV5*01		TRBV6-5*01		0.0		0.0		True	TCR	TRA+TRB	single pair	TSP7_Spleen_NA_SS2_B134152_B114730_ImmuneLinPos_D23_S95	TSP7	Spleen		smartseq2	naive thymus-derived cd4-positive, alpha-beta t cell	naive thymus-derived cd4-positive, alpha-beta t cell	naive thymus-derived cd4-positive, alpha-beta t cell	71.43	True					B134152	B114730	D23	ImmuneLinPos		TSP7_Spleen_NA_SS2_B134152_B114730_ImmuneLinPos_D23_S95	197252.0	1771	3686	1
1029	13843	TRB	CASSPGSSYEQYF	TRBV19*01	TRBJ2-7*01	HomoSapiens	HLA-A*03:01	B2M	MHCI	KLGGALQAK	IE1	CMV	https://www.10xgenomics.com/resources/application-notes/a-new-way-of-exploring-immunity-linking-highly-multiplexed-antigen-recognition-to-immune-repertoire-and-phenotype/#	"{""frequency"": ""1/25584"", ""identification"": ""dextramer-sort"", ""sequencing"": ""rna-seq"", ""singlecell"": ""yes"", ""verification"": """"}"	"{""cell.subset"": """", ""clone.id"": """", ""donor.MHC"": """", ""donor.MHC.method"": """", ""epitope.id"": """", ""replica.id"": """", ""samples.found"": 1, ""structure.id"": """", ""studies.found"": 1, ""study.id"": """", ""subject.cohort"": """", ""subject.id"": ""3"", ""tissue"": """"}"	"{""cdr3"": ""CASSPGSSYEQYF"", ""cdr3_old"": ""CASSPGSSYEQYF"", ""fixNeeded"": false, ""good"": true, ""jCanonical"": true, ""jFixType"": ""NoFixNeeded"", ""jId"": ""TRBJ2-7*01"", ""jStart"": 7, ""vCanonical"": true, ""vEnd"": 4, ""vFixType"": ""NoFixNeeded"", ""vId"": ""TRBV19*01""}"	0	False	[]							TRBD2*02						TRAJ22*01		TRBJ2-7*01		TGTGCAGCAAAAGACTCTTCTTCTGGTTCTGCAAGGCAACTGACCTTT		TGTGCCAGTAGTCCCGGGAGCTCCTACGAGCAGTACTTC		CAAKDSSSGSARQLTF		CASSPGSSYEQYF		TRA		TRB		True	None	True	None	GACCAGCAAGTTAAGCAAAATTCACCATCCCTGAGCGTCCAGGAAGGAAGAATTTCTATTCTGAACTGTGACTATACTAACAGCATGTTTGATTATTTCCTATGGTACAAAAAATACCCTGCTGAAGGTCCTACATTCCTGATATCTATAAGTTCCATTAAGGATAAAAATGAAGATGGAAGATTCACTGTCTTCTTAAACAAAAGTGCCAAGCACCTCTCTCTGCACATTGTGCCCTCCCAGCCTGGAGACTCTGCAGTGTACTTCTGTGCAGCAAAAGACTCTTCTTCTGGTTCTGCAAGGCAACTGACCTTTGGATCTGGGACACAATTGACTGTTTTACCTGATATCCAGAACCCTGACCCTGCCGTGTACCAGCTGAGAGACTCTAAATCCAGTGACAAGTCTGTCTGCCTATTCACCGATTTTGATTCTCAAACAAATGTGTCACAAAGTAAGGATTCTGATGTGTATATCACAGACAAAACTGTGCTAGACATGAGGTCTATGGACTTCAAGAGCAACAGTGCTGTGGCCTGGAGCAACAAATCTGACTTTGCATGTGCAAACGCCTTCAACAACAGCATTATTCCAGAAGACACCTTCTTCCCCAGCCCAGAAAGTTCCTGTGATGTCAAGCTGGTCGAGAAAAGCTTTGAAACAGATACGAACCTAAACTTTCAAAACCTGTCAGTGATTGGGTTCCGAATCCTCCTCCTGAAAGTGGCCGGGTTTAATCTGCTCATGACGCTGCGGCTGTGGTCCAGCTGA		GATGGTGGAATCACTCAGTCCCCAAAGTACCTGTTCAGAAAGGAAGGACAGAATGTGACCCTGAGTTGTGAACAGAATTTGAACCACGATGCCATGTACTGGTACCGACAGGACCCAGGGCAAGGGCTGAGATTGATCTACTACTCACAGATAGTAAATGACTTTCAGAAAGGAGATATAGCTGAAGGGTACAGCGTCTCTCGGGAGAAGAAGGAATCCTTTCCTCTCACTGTGACATCGGCCCAAAAGAACCCGACAGCTTTCTATCTCTGTGCCAGTAGTCCCGGGAGCTCCTACGAGCAGTACTTCGGGCCGGGCACCAGGCTCACGGTCACAGAGGACCTGAACAAGGTGTTCCCACCCGAGGTCGCTGTGTTTGAGCCATCAGAAGCAGAGATCTCCCACACCCAAAAGGCCACACTGGTGTGCCTGGCCACAGGCTTCTTCCCTGACCACGTGGAGCTGAGCTGGTGGGTGAATGGGAAGGAGGTGCACAGTGGGGTCAGCACGGACCCGCAGCCCCTCAAGGAGCAGCCCGCCCTCAATGACTCCAGATACTGCCTGAGCAGCCGCCTGAGGGTCTCGGCCACCTTCTGGCAGAACCCCCGCAACCACTTCCGCTGTCAAGTCCAGTTCTACGGGCTCTCGGAGAATGACGAGTGGACCCAGGATAGGGCCAAACCCGTCACCCAGATC		TRAV29/DV5*01		TRBV19*01		0.0		0.0		True	TCR	TRA+TRB	single pair	TSP5_Eye_whole_SS2_B112804_B104881_Immune_F13_L002	TSP5	Eye	whole	smartseq2	t cell	t cells	cd4-positive helper t cell	42.86	True					B112804	B104881	F13	Immune		TSP5_Eye_whole_SS2_B112804_B104881_Immune_F13_L002	1655450.0	2229	2677	1
1030	13881	TRB	CASSVVGNTEAFF	TRBV9*01	TRBJ1-1*01	HomoSapiens	HLA-A*03:01	B2M	MHCI	KLGGALQAK	IE1	CMV	https://www.10xgenomics.com/resources/application-notes/a-new-way-of-exploring-immunity-linking-highly-multiplexed-antigen-recognition-to-immune-repertoire-and-phenotype/#	"{""frequency"": ""7/25584"", ""identification"": ""dextramer-sort"", ""sequencing"": ""rna-seq"", ""singlecell"": ""yes"", ""verification"": """"}"	"{""cell.subset"": """", ""clone.id"": """", ""donor.MHC"": """", ""donor.MHC.method"": """", ""epitope.id"": """", ""replica.id"": """", ""samples.found"": 1, ""structure.id"": """", ""studies.found"": 1, ""study.id"": """", ""subject.cohort"": """", ""subject.id"": ""3"", ""tissue"": """"}"	"{""cdr3"": ""CASSVVGNTEAFF"", ""cdr3_old"": ""CASSVVGNTEAFF"", ""fixNeeded"": false, ""good"": true, ""jCanonical"": true, ""jFixType"": ""NoFixNeeded"", ""jId"": ""TRBJ1-1*01"", ""jStart"": 7, ""vCanonical"": true, ""vEnd"": 5, ""vFixType"": ""NoFixNeeded"", ""vId"": ""TRBV9*01""}"	0	False	[]													TRAJ43*01		TRBJ1-1*01		TGTGCTGTGAGTGATGTAAATAACAATGACATGCGCTTT		TGTGCCAGCAGCGTAGTAGGGAACACTGAAGCTTTCTTT		CAVSDVNNNDMRF		CASSVVGNTEAFF		TRA		TRB		True	None	True	None	GCCCAGTCGGTGACCCAGCTTGGCAGCCACGTCTCTGTCTCTGAAGGAGCCCTGGTTCTGCTGAGGTGCAACTACTCATCGTCTGTTCCACCATATCTCTTCTGGTATGTGCAATACCCCAACCAAGGACTCCAGCTTCTCCTGAAGTACACATCAGCGGCCACCCTGGTTAAAGGCATCAACGGTTTTGAGGCTGAATTTAAGAAGAGTGAAACCTCCTTCCACCTGACGAAACCCTCAGCCCATATGAGCGACGCGGCTGAGTACTTCTGTGCTGTGAGTGATGTAAATAACAATGACATGCGCTTTGGAGCAGGGACCAGACTGACAGTAAAACCAAATATCCAGAACCCTGACCCTGCCGTGTACCAGCTGAGAGACTCTAAATCCAGTGACAAGTCTGTCTGCCTATTCACCGATTTTGATTCTCAAACAAATGTGTCACAAAGTAAGGATTCTGATGTGTATATCACAGACAAAACTGTGCTAGACATGAGGTCTATGGACTTCAAGAGCAACAGTGCTGTGGCCTGGAGCAACAAATCTGACTTTGCATGTGCAAACGCCTTCAACAACAGCATTATTCCAGAAGACACCTTCTTCCCCAGCCCAGAAAGTTCCTGTGATGTCAAGCTGGTCGAGAAAAGCTTTGAAACAGATACGAACCTAAACTTTCAAAACCTGTCAGTGATTGGGTTCCGAATCCTCCTCCTGAAAGTGGCCGGGTTTAATCTGCTCATGACGCTGCGGCTGTGGTCCAGCTGA		GATTCTGGAGTCACACAAACCCCAAAGCACCTGATCACAGCAACTGGACAGCGAGTGACGCTGAGATGCTCCCCTAGGTCTGGAGACCTCTCTGTGTACTGGTACCAACAGAGCCTGGACCAGGGCCTCCAGTTCCTCATTCAGTATTATAATGGAGAAGAGAGAGCAAAAGGAAACATTCTTGAACGATTCTCCGCACAACAGTTCCCTGACTTGCACTCTGAACTAAACCTGAGCTCTCTGGAGCTGGGGGACTCAGCTTTGTATTTCTGTGCCAGCAGCGTAGTAGGGAACACTGAAGCTTTCTTTGGACAAGGCACCAGACTCACAGTTGTAGAGGACCTGAACAAGGTGTTCCCACCCGAGGTCGCTGTGTTTGAGCCATCAGAAGCAGAGATCTCCCACACCCAAAAGGCCACACTGGTGTGCCTGGCCACAGGCTTCTTCCCTGACCACGTGGAGCTGAGCTGGTGGGTGAATGGGAAGGAGGTGCACAGTGGGGTCAGCACGGACCCGCAGCCCCTCAAGGAGCAGCCCGCCCTCAATGACTCCAGATACTGCCTGAGCAGCCGCCTGAGGGTCTCGGCCACCTTCTGGCAGAACCCCCGCAACCACTTCCGCTGTCAAGTCCAGTTCTACGGGCTCTCGGAGAATGACGAGTGGACCCAGGATAGGGCCAAACCCGTCACCCAGATC		TRAV8-4*01		TRBV9*01		0.0		0.0		True	TCR	TRA+TRB	single pair	TSP7_Tongue_anterior_SS2_B134164_B133901_Immune_G9_S153	TSP7	Tongue	anterior	smartseq2	immune cell	Immune_notvalidated	cd4-positive, alpha-beta memory t cell	42.86	True					B134164	B133901	G9	Immune		TSP7_Tongue_anterior_SS2_B134164_B133901_Immune_G9_S153	121820.0	1250	2789	1
1050	18818	TRB	CASSLGDSNQPQHF	TRBV5-1*01	TRBJ1-5*01	HomoSapiens	HLA-A*03:01	B2M	MHCI	KLGGALQAK	IE1	CMV	https://www.10xgenomics.com/resources/application-notes/a-new-way-of-exploring-immunity-linking-highly-multiplexed-antigen-recognition-to-immune-repertoire-and-phenotype/#	"{""frequency"": ""1/25584"", ""identification"": ""dextramer-sort"", ""sequencing"": ""rna-seq"", ""singlecell"": ""yes"", ""verification"": """"}"	"{""cell.subset"": """", ""clone.id"": """", ""donor.MHC"": """", ""donor.MHC.method"": """", ""epitope.id"": """", ""replica.id"": """", ""samples.found"": 1, ""structure.id"": """", ""studies.found"": 1, ""study.id"": """", ""subject.cohort"": """", ""subject.id"": ""3"", ""tissue"": """"}"	"{""cdr3"": ""CASSLGDSNQPQHF"", ""cdr3_old"": ""CASSLGDSNQPQHF"", ""fixNeeded"": false, ""good"": true, ""jCanonical"": true, ""jFixType"": ""NoFixNeeded"", ""jId"": ""TRBJ1-5*01"", ""jStart"": 7, ""vCanonical"": true, ""vEnd"": 5, ""vFixType"": ""NoFixNeeded"", ""vId"": ""TRBV5-1*01""}"	0	False	[]							TRBD1*01								TRBJ1-5*01				TGCGCCAGCAGCCTAGGGGATAGCAATCAGCCCCAGCATTTT				CASSLGDSNQPQHF				TRB		None	None	True	None			AAGGCTGGAGTCACTCAAACTCCAAGATATCTGATCAAAACGAGAGGACAGCAAGTGACACTGAGCTGCTCCCCTATCTCTGGGCATAGGAGTGTATCCTGGTACCAACAGACCCCAGGACAGGGCCTTCAGTTCCTCTTTGAATACTTCAGTGAGACACAGAGAAACAAAGGAAACTTCCCTGGTCGATTCTCAGGGCGCCAGTTCTCTAACTCTCGCTCTGAGATGAATGTGAGCACCTTGGAGCTGGGGGACTCGGCCCTTTATCTTTGCGCCAGCAGCCTAGGGGATAGCAATCAGCCCCAGCATTTTGGTGATGGGACTCGACTCTCCATCCTAGAGGACCTGAACAAGGTGTTCCCACCCGAGGTCGCTGTGTTTGAGCCATCAGAAGCAGAGATCTCCCACACCCAAAAGGCCACACTGGTGTGCCTGGCCACAGGCTTCTTCCCTGACCACGTGGAGCTGAGCTGGTGGGTGAATGGGAAGGAGGTGCACAGTGGGGTCAGCACGGACCCGCAGCCCCTCAAGGAGCAGCCCGCCCTCAATGACTCCAGATACTGCCTGAGCAGCCGCCTGAGGGTCTCGGCCACCTTCTGGCAGAACCCCCGCAACCACTTCCGCTGTCAAGTCCAGTTCTACGGGCTCTCGGAGAATGACGAGTGGACCCAGGATAGGGCCAAACCCGTCACCCAGATC				TRBV5-1*01				0.0		True	TCR	TRA+TRB	orphan VDJ	TSP2_Skin_chest_SS2_B113707_B111658_ImmuneLinPos_G22_S166	TSP2	Skin		smartseq2	cd4-positive helper t cell	cd4-positive helper t cell	cd4-positive helper t cell	28.57	False									2.0	TSP2_Skin_chest_SS2_B113707_B111658_ImmuneLinPos_G22_S166	265784.0	1230	4366	1
1065	0	TRB	CASSLQRMNTEAFF	TRBV5-5*01	TRBJ1-1*01	HomoSapiens	HLA-DRA*01	HLA-DRB1*01	MHCII	GLIYNRMGAVTTEV	M1	InfluenzaA	https://github.com/antigenomics/vdjdb-db/issues/291	"{""frequency"": ""27/43002"", ""identification"": ""dextramer-sort"", ""sequencing"": ""amplicon-seq"", ""singlecell"": """", ""verification"": """"}"	"{""cell.subset"": ""CD4+"", ""clone.id"": """", ""donor.MHC"": """", ""donor.MHC.method"": """", ""epitope.id"": ""GLI"", ""replica.id"": """", ""samples.found"": 1, ""structure.id"": """", ""studies.found"": 1, ""study.id"": """", ""subject.cohort"": """", ""subject.id"": ""DONOR-3"", ""tissue"": ""PBMC""}"	"{""cdr3"": ""CASSLQRMNTEAFF"", ""cdr3_old"": ""CASSLQRMNTEAFF"", ""fixNeeded"": false, ""good"": true, ""jCanonical"": true, ""jFixType"": ""NoFixNeeded"", ""jId"": ""TRBJ1-1*01"", ""jStart"": 8, ""vCanonical"": true, ""vEnd"": 5, ""vFixType"": ""NoFixNeeded"", ""vId"": ""TRBV5-5*01""}"	0	False	[]													TRAJ58*01		TRBJ1-1*01		TGTGCCGTGGACAGGAGAACCAGTGGCTCTAGGTTGACCTTT		TGTGCCAGCAGCTTGCAGAGGATGAACACTGAAGCTTTCTTT		CAVDRRTSGSRLTF		CASSLQRMNTEAFF		TRA		TRB		True	None	True	None	GAGCTGAAAGTGGAACAAAACCCTCTGTTCCTGAGCATGCAGGAGGGAAAAAACTATACCATCTACTGCAATTATTCAACCACTTCAGACAGACTGTATTGGTACAGGCAGGATCCTGGGAAAAGTCTGGAATCTCTGTTTGTGTTGCTATCAAATGGAGCAGTGAAGCAGGAGGGACGATTAATGGCCTCACTTGATACCAAAGCCCGTCTCAGCACCCTCCACATCACAGCTGCCGTGCATGACCTCTCTGCCACCTACTTCTGTGCCGTGGACAGGAGAACCAGTGGCTCTAGGTTGACCTTTGGGGAAGGAACACAGCTCACAGTGAATCCTGATATCCAGAACCCTGACCCTGCCGTGTACCAGCTGAGAGACTCTAAATCCAGTGACAAGTCTGTCTGCCTATTCACCGATTTTGATTCTCAAACAAATGTGTCACAAAGTAAGGATTCTGATGTGTATATCACAGACAAAACTGTGCTAGACATGAGGTCTATGGACTTCAAGAGCAACAGTGCTGTGGCCTGGAGCAACAAATCTGACTTTGCATGTGCAAACGCCTTCAACAACAGCATTATTCCAGAAGACACCTTCTTCCCCAGCCCAGAAAGTTCCTGTGATGTCAAGCTGGTCGAGAAAAGCTTTGAAACAGATACGAACCTAAACTTTCAAAACCTGTCAGTGATTGGGTTCCGAATCCTCCTCCTGAAAGTGGCCGGGTTTAATCTGCTCATGACGCTGCGGCTGTGGTCCAGCTGA		GACGCTGGAGTCACCCAAAGTCCCACACACCTGATCAAAACGAGAGGACAGCAAGTGACTCTGAGATGCTCTCCTATCTCTGGGCACAAGAGTGTGTCCTGGTACCAACAGGTCCTGGGTCAGGGGCCCCAGTTTATCTTTCAGTATTATGAGAAAGAAGAGAGAGGAAGAGGAAACTTCCCTGATCGATTCTCAGCTCGCCAGTTCCCTAACTATAGCTCTGAGCTGAATGTGAACGCCTTGTTGCTGGGGGACTCGGCCCTGTATCTCTGTGCCAGCAGCTTGCAGAGGATGAACACTGAAGCTTTCTTTGGACAAGGCACCAGACTCACAGTTGTAGAGGACCTGAACAAGGTGTTCCCACCCGAGGTCGCTGTGTTTGAGCCATCAGAAGCAGAGATCTCCCACACCCAAAAGGCCACACTGGTGTGCCTGGCCACAGGCTTCTTCCCTGACCACGTGGAGCTGAGCTGGTGGGTGAATGGGAAGGAGGTGCACAGTGGGGTCAGCACGGACCCGCAGCCCCTCAAGGAGCAGCCCGCCCTCAATGACTCCAGATACTGCCTGAGCAGCCGCCTGAGGGTCTCGGCCACCTTCTGGCAGAACCCCCGCAACCACTTCCGCTGTCAAGTCCAGTTCTACGGGCTCTCGGAGAATGACGAGTGGACCCAGGATAGGGCCAAACCCGTCACCCAGATC		TRAV39*01		TRBV5-5*01		0.0		0.0		True	TCR	TRA+TRB	single pair	TSP7_Spleen_NA_SS2_B134166_B114749_ImmuneLinNeg_C15_S63	TSP7	Spleen		smartseq2	cd8-positive, alpha-beta memory t cell	cd8-positive, alpha-beta memory t cell	cd8-positive, alpha-beta memory t cell	57.14	True					B134166	B114749	C15	ImmuneLinNeg		TSP7_Spleen_NA_SS2_B134166_B114749_ImmuneLinNeg_C15_S63	314011.0	1567	3035	1
1066	0	TRB	CASSLQRMNTEAFF	TRBV5-5*01	TRBJ1-1*01	HomoSapiens	HLA-DRA*01	HLA-DRB1*01	MHCII	GLIYNRMGAVTTEV	M1	InfluenzaA	https://github.com/antigenomics/vdjdb-db/issues/291	"{""frequency"": ""27/43002"", ""identification"": ""dextramer-sort"", ""sequencing"": ""amplicon-seq"", ""singlecell"": """", ""verification"": """"}"	"{""cell.subset"": ""CD4+"", ""clone.id"": """", ""donor.MHC"": """", ""donor.MHC.method"": """", ""epitope.id"": ""GLI"", ""replica.id"": """", ""samples.found"": 1, ""structure.id"": """", ""studies.found"": 1, ""study.id"": """", ""subject.cohort"": """", ""subject.id"": ""DONOR-3"", ""tissue"": ""PBMC""}"	"{""cdr3"": ""CASSLQRMNTEAFF"", ""cdr3_old"": ""CASSLQRMNTEAFF"", ""fixNeeded"": false, ""good"": true, ""jCanonical"": true, ""jFixType"": ""NoFixNeeded"", ""jId"": ""TRBJ1-1*01"", ""jStart"": 8, ""vCanonical"": true, ""vEnd"": 5, ""vFixType"": ""NoFixNeeded"", ""vId"": ""TRBV5-5*01""}"	0	False	[]															TRBJ1-1*01				TGTGCCAGCAGCTTGCAGAGGATGAACACTGAAGCTTTCTTT				CASSLQRMNTEAFF				TRB		None	None	True	None			GACGCTGGAGTCACCCAAAGTCCCACACACCTGATCAAAACGAGAGGACAGCAAGTGACTCTGAGATGCTCTCCTATCTCTGGGCACAAGAGTGTGTCCTGGTACCAACAGGTCCTGGGTCAGGGGCCCCAGTTTATCTTTCAGTATTATGAGAAAGAAGAGAGAGGAAGAGGAAACTTCCCTGATCGATTCTCAGCTCGCCAGTTCCCTAACTATAGCTCTGAGCTGAATGTGAACGCCTTGTTGCTGGGGGACTCGGCCCTGTATCTCTGTGCCAGCAGCTTGCAGAGGATGAACACTGAAGCTTTCTTTGGACAAGGCACCAGACTCACAGTTGTAGAGGACCTGAACAAGGTGTTCCCACCCGAGGTCGCTGTGTTTGAGCCATCAGAAGCAGAGATCTCCCACACCCAAAAGGCCACACTGGTGTGCCTGGCCACAGGCTTCTTCCCTGACCACGTGGAGCTGAGCTGGTGGGTGAATGGGAAGGAGGTGCACAGTGGGGTCAGCACGGACCCGCAGCCCCTCAAGGAGCAGCCCGCCCTCAATGACTCCAGATACTGCCTGAGCAGCCGCCTGAGGGTCTCGGCCACCTTCTGGCAGAACCCCCGCAACCACTTCCGCTGTCAAGTCCAGTTCTACGGGCTCTCGGAGAATGACGAGTGGACCCAGGATAGGGCCAAACCCGTCACCCAGATC				TRBV5-5*01				0.0		True	TCR	TRA+TRB	orphan VDJ	TSP7_Salivary_parotid_SS2_B134146_B133702_Immune_N21_S333	TSP7	Salivary_Gland	parotid	smartseq2	t cell	T cell-low RNA	cd4-positive helper t cell	28.57	True					B134146	B133702	N21	Immune		TSP7_Salivary_parotid_SS2_B134146_B133702_Immune_N21_S333	29132.0	364	3492	1
